cycle,event,tag,address,stream,latency
0,SUBMIT,0,4294967296,weight,0
0,SUBMIT,1,4294967360,weight,0
0,SUBMIT,2,4294967424,weight,0
0,SUBMIT,3,4294967488,weight,0
0,SUBMIT,4,4294971392,weight,0
0,SUBMIT,5,4294971456,weight,0
0,SUBMIT,6,4294971520,weight,0
0,SUBMIT,7,4294971584,weight,0
0,SUBMIT,8,4294975488,weight,0
0,SUBMIT,9,4294975552,weight,0
0,SUBMIT,10,4294975616,weight,0
0,SUBMIT,11,4294975680,weight,0
0,SUBMIT,12,4294979584,weight,0
0,SUBMIT,13,4294979648,weight,0
0,SUBMIT,14,4294979712,weight,0
0,SUBMIT,15,4294979776,weight,0
0,SUBMIT,16,4294983680,weight,0
0,SUBMIT,17,4294983744,weight,0
0,SUBMIT,18,4294983808,weight,0
0,SUBMIT,19,4294983872,weight,0
0,SUBMIT,20,4294987776,weight,0
0,SUBMIT,21,4294987840,weight,0
0,SUBMIT,22,4294987904,weight,0
0,SUBMIT,23,4294987968,weight,0
0,SUBMIT,24,4294991872,weight,0
0,SUBMIT,25,4294991936,weight,0
0,SUBMIT,26,4294992000,weight,0
0,SUBMIT,27,4294992064,weight,0
0,SUBMIT,28,4294995968,weight,0
0,SUBMIT,29,4294996032,weight,0
0,SUBMIT,30,4294996096,weight,0
0,SUBMIT,31,4294996160,weight,0
34,COMPLETE,0,4294967296,weight,34
34,SUBMIT,32,4295000064,weight,0
39,COMPLETE,1,4294967360,weight,39
39,SUBMIT,33,4295000128,weight,0
42,COMPLETE,8,4294975488,weight,42
42,SUBMIT,34,4295000192,weight,0
45,COMPLETE,2,4294967424,weight,45
45,SUBMIT,35,4295000256,weight,0
49,COMPLETE,9,4294975552,weight,49
49,SUBMIT,36,4295004160,weight,0
52,COMPLETE,16,4294983680,weight,52
52,SUBMIT,37,4295004224,weight,0
55,COMPLETE,10,4294975616,weight,55
55,SUBMIT,38,4295004288,weight,0
59,COMPLETE,17,4294983744,weight,59
59,SUBMIT,39,4295004352,weight,0
62,COMPLETE,24,4294991872,weight,62
62,SUBMIT,40,4295008256,weight,0
65,COMPLETE,3,4294967488,weight,65
65,SUBMIT,41,4295008320,weight,0
69,COMPLETE,11,4294975680,weight,69
69,SUBMIT,42,4295008384,weight,0
72,COMPLETE,18,4294983808,weight,72
72,SUBMIT,43,4295008448,weight,0
75,COMPLETE,25,4294991936,weight,75
75,SUBMIT,44,4295012352,weight,0
79,COMPLETE,4,4294971392,weight,79
79,SUBMIT,45,4295012416,weight,0
82,COMPLETE,19,4294983872,weight,82
82,SUBMIT,46,4295012480,weight,0
85,COMPLETE,26,4294992000,weight,85
85,SUBMIT,47,4295012544,weight,0
88,COMPLETE,5,4294971456,weight,88
88,SUBMIT,48,4295016448,weight,0
92,COMPLETE,12,4294979584,weight,92
92,SUBMIT,49,4295016512,weight,0
95,COMPLETE,20,4294987776,weight,95
95,SUBMIT,50,4295016576,weight,0
98,COMPLETE,27,4294992064,weight,98
98,SUBMIT,51,4295016640,weight,0
102,COMPLETE,6,4294971520,weight,102
102,SUBMIT,52,4295020544,weight,0
105,COMPLETE,13,4294979648,weight,105
105,SUBMIT,53,4295020608,weight,0
108,COMPLETE,28,4294995968,weight,108
108,SUBMIT,54,4295020672,weight,0
112,COMPLETE,7,4294971584,weight,112
112,SUBMIT,55,4295020736,weight,0
115,COMPLETE,14,4294979712,weight,115
115,SUBMIT,56,4295024640,weight,0
118,COMPLETE,21,4294987840,weight,118
118,SUBMIT,57,4295024704,weight,0
122,COMPLETE,29,4294996032,weight,122
122,SUBMIT,58,4295024768,weight,0
125,COMPLETE,32,4295000064,weight,91
125,SUBMIT,59,4295024832,weight,0
128,COMPLETE,15,4294979776,weight,128
128,SUBMIT,60,4295028736,weight,0
132,COMPLETE,22,4294987904,weight,132
132,SUBMIT,61,4295028800,weight,0
135,COMPLETE,33,4295000128,weight,96
135,SUBMIT,62,4295028864,weight,0
138,COMPLETE,40,4295008256,weight,76
138,SUBMIT,63,4295028928,weight,0
142,COMPLETE,23,4294987968,weight,142
145,COMPLETE,30,4294996096,weight,145
148,COMPLETE,34,4295000192,weight,106
152,COMPLETE,41,4295008320,weight,87
155,COMPLETE,48,4295016448,weight,67
158,COMPLETE,31,4294996160,weight,158
162,COMPLETE,35,4295000256,weight,117
165,COMPLETE,42,4295008384,weight,96
168,COMPLETE,49,4295016512,weight,76
171,COMPLETE,56,4295024640,weight,56
175,COMPLETE,36,4295004160,weight,126
178,COMPLETE,43,4295008448,weight,106
181,COMPLETE,50,4295016576,weight,86
185,COMPLETE,57,4295024704,weight,67
188,COMPLETE,37,4295004224,weight,136
191,COMPLETE,44,4295012352,weight,116
195,COMPLETE,51,4295016640,weight,97
198,COMPLETE,58,4295024768,weight,76
201,COMPLETE,38,4295004288,weight,146
205,COMPLETE,45,4295012416,weight,126
208,COMPLETE,52,4295020544,weight,106
211,COMPLETE,59,4295024832,weight,86
215,COMPLETE,39,4295004352,weight,156
218,COMPLETE,46,4295012480,weight,136
221,COMPLETE,53,4295020608,weight,116
225,COMPLETE,60,4295028736,weight,97
228,COMPLETE,47,4295012544,weight,143
231,COMPLETE,54,4295020672,weight,123
235,COMPLETE,61,4295028800,weight,103
238,COMPLETE,55,4295020736,weight,126
241,COMPLETE,62,4295028864,weight,106
246,COMPLETE,63,4295028928,weight,108
