cycle,event,client,tag,bank,row,data
0,WRITE_ACCEPT,0,0,0,0,17
1,WRITE_ACCEPT,0,1,1,0,34
1,WRITE_ACCEPT,1,3,0,0,170
2,WRITE_ACCEPT,0,2,0,1,51
2,WRITE_ACCEPT,1,4,2,0,187
3,WRITE_ACCEPT,0,6,3,0,0
4,READ_ACCEPT,0,10,0,0,0
5,READ_ACCEPT,0,11,1,0,0
5,READ_ACCEPT,1,20,0,0,0
6,READ_ACCEPT,0,12,0,1,0
6,READ_ACCEPT,1,21,2,0,0
7,READ_COMPLETE,0,10,0,0,170
8,READ_COMPLETE,0,11,1,0,34
8,READ_COMPLETE,1,20,0,0,170
9,READ_COMPLETE,0,12,0,1,51
9,READ_COMPLETE,1,21,2,0,187
10,READ_ACCEPT,0,13,3,0,0
10,WRITE_ACCEPT,1,5,3,0,204
11,READ_ACCEPT,0,14,3,0,0
13,READ_COMPLETE,0,13,3,0,0
14,READ_COMPLETE,0,14,3,0,204
