area_mm2,bottleneck_compute_share,bottleneck_distance_share,bottleneck_hbm_share,bottleneck_serial_feedback_share,bottleneck_unpack_share,config,cycles,dominant_bottleneck,energy_mj,geometry_bottleneck_distance_share,geometry_bottleneck_serial_feedback_share,geometry_dominant_bottleneck,geometry_lanes,geometry_ms,geometry_share,hbm_bandwidth_gbps,hbm_gb,latency_ms,llm_decode_bottleneck_compute_share,llm_decode_bottleneck_hbm_share,llm_decode_bottleneck_unpack_share,llm_decode_dominant_bottleneck,llm_decode_ms,llm_decode_share,llm_prefill_bottleneck_compute_share,llm_prefill_bottleneck_hbm_share,llm_prefill_bottleneck_unpack_share,llm_prefill_dominant_bottleneck,llm_prefill_ms,llm_prefill_share,point_encoder_bottleneck_compute_share,point_encoder_dominant_bottleneck,point_encoder_ms,point_encoder_share,projector_bottleneck_compute_share,projector_dominant_bottleneck,projector_ms,projector_share,split_k,sram_mb,tensor_cols,tensor_pe_count,tensor_rows,tokens_per_second,weight_unpack_bytes_per_cycle,workload
,0.7395550016922848,9.349222411185145e-05,0.260347065679311,4.389593300903759e-06,,r32_c32_sk16_g256_hbm819.2_wu1024_sram16m,5038279969,compute,,0.9551541500052722,0.044845849994727835,distance,256,0.49315600000000004,9.788181741275522e-05,819.2,926.570327506,5038.279969,0.43531970497449646,0.5646802674695842,,hbm,2322.549989,0.46098073217256735,0.999924586778555,7.538948338460492e-05,,compute,2696.0922250000003,0.5351215576722151,0.9999960045031746,compute,16.018033000000003,0.0031792661580057583,0.9999795302577972,compute,3.126566,0.0006205621797989448,16,16.0,32,1024,32,25.40549568256833,1024,pointllm_7b_b1_s768_o128
,0.7395550016922848,9.349222411185145e-05,0.260347065679311,4.389593300903759e-06,,r32_c32_sk32_g256_hbm819.2_wu1024_sram16m,5038279969,compute,,0.9551541500052722,0.044845849994727835,distance,256,0.49315600000000004,9.788181741275522e-05,819.2,926.570327506,5038.279969,0.43531970497449646,0.5646802674695842,,hbm,2322.549989,0.46098073217256735,0.999924586778555,7.538948338460492e-05,,compute,2696.0922250000003,0.5351215576722151,0.9999960045031746,compute,16.018033000000003,0.0031792661580057583,0.9999795302577972,compute,3.126566,0.0006205621797989448,32,16.0,32,1024,32,25.40549568256833,1024,pointllm_7b_b1_s768_o128
,0.6894514450353706,8.715828960116563e-05,,4.092206039443315e-06,0.3104572571003531,r32_c32_sk16_g256_hbm819.2_wu512_sram16m,5404419960,compute,,0.9551541500052722,0.044845849994727835,distance,256,0.49315600000000004,9.125049564060895e-05,819.2,926.570327506,5404.41996,0.376046748303016,,0.6239532278930676,unpack,2688.63321,0.4974878395645626,0.9999035324084529,,9.644385398663771e-05,compute,2696.148995,0.4988785133196792,0.9999960045031746,compute,16.018033000000003,0.002963876441607991,0.9999795302577972,compute,3.126566,0.0005785201785095917,16,16.0,32,1024,32,23.684317826403703,512,pointllm_7b_b1_s768_o128
,0.6894514450353706,8.715828960116563e-05,,4.092206039443315e-06,0.3104572571003531,r32_c32_sk32_g256_hbm819.2_wu512_sram16m,5404419960,compute,,0.9551541500052722,0.044845849994727835,distance,256,0.49315600000000004,9.125049564060895e-05,819.2,926.570327506,5404.41996,0.376046748303016,,0.6239532278930676,unpack,2688.63321,0.4974878395645626,0.9999035324084529,,9.644385398663771e-05,compute,2696.148995,0.4988785133196792,0.9999960045031746,compute,16.018033000000003,0.002963876441607991,0.9999795302577972,compute,3.126566,0.0005785201785095917,32,16.0,32,1024,32,23.684317826403703,512,pointllm_7b_b1_s768_o128
,0.5867867761973633,7.417974411718055e-05,0.4131355051505503,3.4985928908527577e-06,,r32_c32_sk8_g256_hbm409.6_wu512_sram16m,6349981462,compute,,0.9549605073227695,0.04503949267723049,distance,256,0.493256,7.76783370080333e-05,409.6,926.570327506,6349.981462,0.2782163968082703,0.7217835855805155,,hbm,3634.048128,0.5722927145137546,0.9998492097757213,0.0001507664880077485,,compute,2696.2954790000003,0.42461470086729525,0.9999960045031746,compute,16.018033000000003,0.0025225322460949258,0.9999795302577972,compute,3.126566,0.0004923740358472247,8,16.0,32,1024,32,20.157539162277324,512,pointllm_7b_b1_s768_o128
,0.5867867761973633,7.417974411718055e-05,0.4131355051505503,3.4985928908527577e-06,,r32_c32_sk16_g256_hbm409.6_wu512_sram16m,6349981462,compute,,0.9549605073227695,0.04503949267723049,distance,256,0.493256,7.76783370080333e-05,409.6,926.570327506,6349.981462,0.2782163968082703,0.7217835855805155,,hbm,3634.048128,0.5722927145137546,0.9998492097757213,0.0001507664880077485,,compute,2696.2954790000003,0.42461470086729525,0.9999960045031746,compute,16.018033000000003,0.0025225322460949258,0.9999795302577972,compute,3.126566,0.0004923740358472247,16,16.0,32,1024,32,20.157539162277324,512,pointllm_7b_b1_s768_o128
,0.5867867761973633,7.417974411718055e-05,0.4131355051505503,3.4985928908527577e-06,,r32_c32_sk32_g256_hbm409.6_wu512_sram16m,6349981462,compute,,0.9549605073227695,0.04503949267723049,distance,256,0.493256,7.76783370080333e-05,409.6,926.570327506,6349.981462,0.2782163968082703,0.7217835855805155,,hbm,3634.048128,0.5722927145137546,0.9998492097757213,0.0001507664880077485,,compute,2696.2954790000003,0.42461470086729525,0.9999960045031746,compute,16.018033000000003,0.0025225322460949258,0.9999795302577972,compute,3.126566,0.0004923740358472247,32,16.0,32,1024,32,20.157539162277324,512,pointllm_7b_b1_s768_o128
,0.5261151728263588,6.650983028168806e-05,,3.1227314166733465e-06,0.473815158465296,r32_c32_sk8_g256_hbm819.2_wu256_sram16m,7082261344,compute,,0.9551541500052722,0.044845849994727835,distance,256,0.49315600000000004,6.963256169836141e-05,819.2,926.570327506,7082.261344,0.23156254915799981,,0.7684374361839941,unpack,4366.21457,0.6165000637400935,0.9998071082701715,,0.0001928679945570231,compute,2696.4090189999997,0.3807271276827934,0.9999960045031746,compute,16.018033000000003,0.002261711651402171,0.9999795302577972,compute,3.126566,0.0004414643640126026,8,16.0,32,1024,32,18.073323446110887,256,pointllm_7b_b1_s768_o128
,0.5261151728263588,6.650983028168806e-05,,3.1227314166733465e-06,0.473815158465296,r32_c32_sk16_g256_hbm819.2_wu256_sram16m,7082261344,compute,,0.9551541500052722,0.044845849994727835,distance,256,0.49315600000000004,6.963256169836141e-05,819.2,926.570327506,7082.261344,0.23156254915799981,,0.7684374361839941,unpack,4366.21457,0.6165000637400935,0.9998071082701715,,0.0001928679945570231,compute,2696.4090189999997,0.3807271276827934,0.9999960045031746,compute,16.018033000000003,0.002261711651402171,0.9999795302577972,compute,3.126566,0.0004414643640126026,16,16.0,32,1024,32,18.073323446110887,256,pointllm_7b_b1_s768_o128
,0.5261151728263588,6.650983028168806e-05,,3.1227314166733465e-06,0.473815158465296,r32_c32_sk32_g256_hbm819.2_wu256_sram16m,7082261344,compute,,0.9551541500052722,0.044845849994727835,distance,256,0.49315600000000004,6.963256169836141e-05,819.2,926.570327506,7082.261344,0.23156254915799981,,0.7684374361839941,unpack,4366.21457,0.6165000637400935,0.9998071082701715,,0.0001928679945570231,compute,2696.4090189999997,0.3807271276827934,0.9999960045031746,compute,16.018033000000003,0.002261711651402171,0.9999795302577972,compute,3.126566,0.0004414643640126026,32,16.0,32,1024,32,18.073323446110887,256,pointllm_7b_b1_s768_o128
,0.5261151653977263,6.650982934258365e-05,,3.1368511563239603e-06,0.4738151517751284,r32_c32_sk8_g256_hbm409.6_wu256_sram16m,7082261444,compute,,0.9549605073227695,0.04503949267723049,distance,256,0.493256,6.964668049890761e-05,409.6,926.570327506,7082.261444000001,0.23156254915799981,,0.7684374361839941,unpack,4366.21457,0.6165000550352459,0.9998071082701715,,0.0001928679945570231,compute,2696.4090189999997,0.38072712230700867,0.9999960045031746,compute,16.018033000000003,0.0022617116194672917,0.9999795302577972,compute,3.126566,0.0004414643577792212,8,16.0,32,1024,32,18.073323190919467,256,pointllm_7b_b1_s768_o128
,0.5261151653977263,6.650982934258365e-05,,3.1368511563239603e-06,0.4738151517751284,r32_c32_sk16_g256_hbm409.6_wu256_sram16m,7082261444,compute,,0.9549605073227695,0.04503949267723049,distance,256,0.493256,6.964668049890761e-05,409.6,926.570327506,7082.261444000001,0.23156254915799981,,0.7684374361839941,unpack,4366.21457,0.6165000550352459,0.9998071082701715,,0.0001928679945570231,compute,2696.4090189999997,0.38072712230700867,0.9999960045031746,compute,16.018033000000003,0.0022617116194672917,0.9999795302577972,compute,3.126566,0.0004414643577792212,16,16.0,32,1024,32,18.073323190919467,256,pointllm_7b_b1_s768_o128
,0.5261151653977263,6.650982934258365e-05,,3.1368511563239603e-06,0.4738151517751284,r32_c32_sk32_g256_hbm409.6_wu256_sram16m,7082261444,compute,,0.9549605073227695,0.04503949267723049,distance,256,0.493256,6.964668049890761e-05,409.6,926.570327506,7082.261444000001,0.23156254915799981,,0.7684374361839941,unpack,4366.21457,0.6165000550352459,0.9998071082701715,,0.0001928679945570231,compute,2696.4090189999997,0.38072712230700867,0.9999960045031746,compute,16.018033000000003,0.0022617116194672917,0.9999795302577972,compute,3.126566,0.0004414643577792212,32,16.0,32,1024,32,18.073323190919467,256,pointllm_7b_b1_s768_o128
,0.8293112704558006,7.991168525766696e-05,0.17060590805389197,2.876508514255473e-06,,r16_c32_sk16_g256_hbm819.2_wu1024_sram16m,7688487585,compute,,0.965254604754633,0.03474539524536697,distance,256,0.636516,8.278819377192244e-05,819.2,926.570327506,7688.487585,0.43531970497449646,0.5646802674695842,,hbm,2322.549989,0.3020815164651137,0.9999618552329428,3.813276010717951e-05,,compute,5330.246209,0.693276297850717,0.9999978002241228,compute,29.093873,0.0037840827182658446,0.9999892635427826,compute,5.960998,0.0007753147721314815,16,16.0,32,512,16,16.64826776201395,1024,pointllm_7b_b1_s768_o128
,0.7916131871818278,7.627913199000028e-05,,2.745750786280674e-06,0.20830775615242425,r16_c32_sk16_g256_hbm819.2_wu512_sram16m,8054627576,compute,,0.965254604754633,0.03474539524536697,distance,256,0.636516,7.902488277628096e-05,819.2,926.570327506,8054.627576,0.376046748303016,,0.6239532278930676,unpack,2688.63321,0.33379981689174504,0.9999512052127196,,4.878278045815377e-05,compute,5330.302979,0.6617690177113162,0.9999978002241228,compute,29.093873,0.0036120693012163174,0.9999892635427826,compute,5.960998,0.0007400712129461714,16,16.0,32,512,16,15.891485831250058,512,pointllm_7b_b1_s768_o128
,0.7084461617129595,6.826523250515204e-05,0.29148307621810166,2.468392586807386e-06,,r16_c32_sk8_g256_hbm409.6_wu512_sram16m,9000189078,compute,,0.9651029820174171,0.034897017982582906,distance,256,0.636616,7.073362509195942e-05,409.6,926.570327506,9000.189078,0.2782163968082703,0.7217835855805155,,hbm,3634.048128,0.40377464256645923,0.9999237259441587,7.626204934906444e-05,,compute,5330.449463,0.5922597199685187,0.9999978002241228,compute,29.093873,0.0032325846432623134,0.9999892635427826,compute,5.960998,0.0006623191966678814,8,16.0,32,512,16,14.221923438573342,512,pointllm_7b_b1_s768_o128
,0.7084461617129595,6.826523250515204e-05,0.29148307621810166,2.468392586807386e-06,,r16_c32_sk16_g256_hbm409.6_wu512_sram16m,9000189078,compute,,0.9651029820174171,0.034897017982582906,distance,256,0.636616,7.073362509195942e-05,409.6,926.570327506,9000.189078,0.2782163968082703,0.7217835855805155,,hbm,3634.048128,0.40377464256645923,0.9999237259441587,7.626204934906444e-05,,compute,5330.449463,0.5922597199685187,0.9999978002241228,compute,29.093873,0.0032325846432623134,0.9999892635427826,compute,5.960998,0.0006623191966678814,16,16.0,32,512,16,14.221923438573342,512,pointllm_7b_b1_s768_o128
,0.6551420233864276,6.312889386291965e-05,,2.2723935818234553e-06,0.34479254902242196,r16_c32_sk8_g256_hbm819.2_wu256_sram16m,9732468960,compute,,0.965254604754633,0.03474539524536697,distance,256,0.636516,6.54012874447431e-05,819.2,926.570327506,9732.46896,0.23156254915799981,,0.7684374361839941,unpack,4366.21457,0.4486235289262099,0.9999024277548718,,9.756023889171168e-05,compute,5330.563003,0.5477092220800671,0.9999978002241228,compute,29.093873,0.002989362012822695,0.9999892635427826,compute,5.960998,0.0006124856934555279,8,16.0,32,512,16,13.15185288810826,256,pointllm_7b_b1_s768_o128
,0.6551420233864276,6.312889386291965e-05,,2.2723935818234553e-06,0.34479254902242196,r16_c32_sk16_g256_hbm819.2_wu256_sram16m,9732468960,compute,,0.965254604754633,0.03474539524536697,distance,256,0.636516,6.54012874447431e-05,819.2,926.570327506,9732.46896,0.23156254915799981,,0.7684374361839941,unpack,4366.21457,0.4486235289262099,0.9999024277548718,,9.756023889171168e-05,compute,5330.563003,0.5477092220800671,0.9999978002241228,compute,29.093873,0.002989362012822695,0.9999892635427826,compute,5.960998,0.0006124856934555279,16,16.0,32,512,16,13.15185288810826,256,pointllm_7b_b1_s768_o128
,0.6551420166549186,6.312889321427754e-05,,2.282668443438134e-06,0.34479254547971816,r16_c32_sk8_g256_hbm409.6_wu256_sram16m,9732469060,compute,,0.9651029820174171,0.034897017982582906,distance,256,0.636616,6.541156165771566e-05,409.6,926.570327506,9732.46906,0.23156254915799981,,0.7684374361839941,unpack,4366.21457,0.44862352431665475,0.9999024277548718,,9.756023889171168e-05,compute,5330.563003,0.5477092164524179,0.9999978002241228,compute,29.093873,0.002989361982107344,0.9999892635427826,compute,5.960998,0.0006124856871623078,8,16.0,32,512,16,13.151852752974486,256,pointllm_7b_b1_s768_o128
,0.6551420166549186,6.312889321427754e-05,,2.282668443438134e-06,0.34479254547971816,r16_c32_sk16_g256_hbm409.6_wu256_sram16m,9732469060,compute,,0.9651029820174171,0.034897017982582906,distance,256,0.636616,6.541156165771566e-05,409.6,926.570327506,9732.46906,0.23156254915799981,,0.7684374361839941,unpack,4366.21457,0.44862352431665475,0.9999024277548718,,9.756023889171168e-05,compute,5330.563003,0.5477092164524179,0.9999978002241228,compute,29.093873,0.002989361982107344,0.9999892635427826,compute,5.960998,0.0006124856871623078,16,16.0,32,512,16,13.151852752974486,256,pointllm_7b_b1_s768_o128
,0.3569750049111036,4.512766066771141e-05,,2.1188080488432098e-06,0.6429777240942773,r32_c32_sk8_g256_hbm819.2_wu128_sram16m,10437944113,unpack,,0.9551541500052722,0.044845849994727835,distance,256,0.49315600000000004,4.7246468716554625e-05,819.2,926.570327506,10437.944113,0.1309418952120652,,0.8690580964992581,unpack,7721.37729,0.7397411986890564,0.9996143154032704,,0.0003856608660350573,compute,2696.9290680000004,0.2583774198063672,0.9999960045031746,compute,16.018033000000003,0.0015345965476142227,0.9999795302577972,compute,3.126566,0.0002995384882455923,8,16.0,32,1024,32,12.26295126839984,128,pointllm_7b_b1_s768_o128
,0.3569750049111036,4.512766066771141e-05,,2.1188080488432098e-06,0.6429777240942773,r32_c32_sk16_g256_hbm819.2_wu128_sram16m,10437944113,unpack,,0.9551541500052722,0.044845849994727835,distance,256,0.49315600000000004,4.7246468716554625e-05,819.2,926.570327506,10437.944113,0.1309418952120652,,0.8690580964992581,unpack,7721.37729,0.7397411986890564,0.9996143154032704,,0.0003856608660350573,compute,2696.9290680000004,0.2583774198063672,0.9999960045031746,compute,16.018033000000003,0.0015345965476142227,0.9999795302577972,compute,3.126566,0.0002995384882455923,16,16.0,32,1024,32,12.26295126839984,128,pointllm_7b_b1_s768_o128
,0.3569750049111036,4.512766066771141e-05,,2.1188080488432098e-06,0.6429777240942773,r32_c32_sk32_g256_hbm819.2_wu128_sram16m,10437944113,unpack,,0.9551541500052722,0.044845849994727835,distance,256,0.49315600000000004,4.7246468716554625e-05,819.2,926.570327506,10437.944113,0.1309418952120652,,0.8690580964992581,unpack,7721.37729,0.7397411986890564,0.9996143154032704,,0.0003856608660350573,compute,2696.9290680000004,0.2583774198063672,0.9999960045031746,compute,16.018033000000003,0.0015345965476142227,0.9999795302577972,compute,3.126566,0.0002995384882455923,32,16.0,32,1024,32,12.26295126839984,128,pointllm_7b_b1_s768_o128
,0.3569750014911294,4.512766023536899e-05,,2.128388459130769e-06,0.6429777179342738,r32_c32_sk8_g256_hbm409.6_wu128_sram16m,10437944213,unpack,,0.9549605073227695,0.04503949267723049,distance,256,0.493256,4.725604869449976e-05,409.6,926.570327506,10437.944212999999,0.1309418952120652,,0.8690580964992581,unpack,7721.37729,0.7397411916020172,0.9996143154032704,,0.0003856608660350573,compute,2696.9290680000004,0.2583774173310003,0.9999960045031746,compute,16.018033000000003,0.001534596532912127,0.9999795302577972,compute,3.126566,0.00029953848537588463,8,16.0,32,1024,32,12.262951150915487,128,pointllm_7b_b1_s768_o128
,0.3569750014911294,4.512766023536899e-05,,2.128388459130769e-06,0.6429777179342738,r32_c32_sk16_g256_hbm409.6_wu128_sram16m,10437944213,unpack,,0.9549605073227695,0.04503949267723049,distance,256,0.493256,4.725604869449976e-05,409.6,926.570327506,10437.944212999999,0.1309418952120652,,0.8690580964992581,unpack,7721.37729,0.7397411916020172,0.9996143154032704,,0.0003856608660350573,compute,2696.9290680000004,0.2583774173310003,0.9999960045031746,compute,16.018033000000003,0.001534596532912127,0.9999795302577972,compute,3.126566,0.00029953848537588463,16,16.0,32,1024,32,12.262951150915487,128,pointllm_7b_b1_s768_o128
,0.3569750014911294,4.512766023536899e-05,,2.128388459130769e-06,0.6429777179342738,r32_c32_sk32_g256_hbm409.6_wu128_sram16m,10437944213,unpack,,0.9549605073227695,0.04503949267723049,distance,256,0.493256,4.725604869449976e-05,409.6,926.570327506,10437.944212999999,0.1309418952120652,,0.8690580964992581,unpack,7721.37729,0.7397411916020172,0.9996143154032704,,0.0003856608660350573,compute,2696.9290680000004,0.2583774173310003,0.9999960045031746,compute,16.018033000000003,0.001534596532912127,0.9999795302577972,compute,3.126566,0.00029953848537588463,32,16.0,32,1024,32,12.262951150915487,128,pointllm_7b_b1_s768_o128
,0.4871695820023298,4.69432210690717e-05,,1.6897725865292802e-06,0.5127817654443392,r16_c32_sk8_g256_hbm819.2_wu128_sram16m,13088151729,unpack,,0.965254604754633,0.03474539524536697,distance,256,0.636516,4.863299365560098e-05,819.2,926.570327506,13088.151729,0.1309418952120652,,0.8690580964992581,unpack,7721.37729,0.5899516944696936,0.9998048869263798,,0.00019510106855487796,compute,5331.083052,0.4073213057415649,0.9999978002241228,compute,29.093873,0.0022229168489493753,0.9999892635427826,compute,5.960998,0.0004554499461365467,8,16.0,32,512,16,9.77983772272327,128,pointllm_7b_b1_s768_o128
,0.4871695820023298,4.69432210690717e-05,,1.6897725865292802e-06,0.5127817654443392,r16_c32_sk16_g256_hbm819.2_wu128_sram16m,13088151729,unpack,,0.965254604754633,0.03474539524536697,distance,256,0.636516,4.863299365560098e-05,819.2,926.570327506,13088.151729,0.1309418952120652,,0.8690580964992581,unpack,7721.37729,0.5899516944696936,0.9998048869263798,,0.00019510106855487796,compute,5331.083052,0.4073213057415649,0.9999978002241228,compute,29.093873,0.0022229168489493753,0.9999892635427826,compute,5.960998,0.0004554499461365467,16,16.0,32,512,16,9.77983772272327,128,pointllm_7b_b1_s768_o128
,0.4871695782801115,4.6943220710402104e-05,,1.6974130717810761e-06,0.5127817615264311,r16_c32_sk8_g256_hbm409.6_wu128_sram16m,13088151829,unpack,,0.9651029820174171,0.034897017982582906,distance,256,0.636616,4.864063378218318e-05,409.6,926.570327506,13088.151828999999,0.1309418952120652,,0.8690580964992581,unpack,7721.37729,0.5899516899621687,0.9998048869263798,,0.00019510106855487796,compute,5331.083052,0.4073213026294272,0.9999978002241228,compute,29.093873,0.0022229168319651835,0.9999892635427826,compute,5.960998,0.0004554499426566822,8,16.0,32,512,16,9.77983764800044,128,pointllm_7b_b1_s768_o128
,0.4871695782801115,4.6943220710402104e-05,,1.6974130717810761e-06,0.5127817615264311,r16_c32_sk16_g256_hbm409.6_wu128_sram16m,13088151829,unpack,,0.9651029820174171,0.034897017982582906,distance,256,0.636616,4.864063378218318e-05,409.6,926.570327506,13088.151828999999,0.1309418952120652,,0.8690580964992581,unpack,7721.37729,0.5899516899621687,0.9998048869263798,,0.00019510106855487796,compute,5331.083052,0.4073213026294272,0.9999978002241228,compute,29.093873,0.0022229168319651835,0.9999892635427826,compute,5.960998,0.0004554499426566822,16,16.0,32,512,16,9.77983764800044,128,pointllm_7b_b1_s768_o128
,0.9999449459729227,5.349971409450651e-05,,1.5365271735191912e-06,,r16_c16_sk16_g256_hbm819.2_wu512_sram16m,14393497480,compute,,0.9720815386712852,0.027918461328714762,distance,256,0.7921640000000001,5.5036241268025706e-05,819.2,926.570327506,14393.49748,0.9999999830838423,,,compute,3783.365066,0.26285237978170684,0.9999999939301938,,,compute,10543.994035000002,0.732552602288016,0.99999880732377,compute,53.660833,0.0037281302250938386,0.9999945230716463,compute,11.685381999999999,0.0008118514639153569,16,16.0,16,256,16,8.892904603475152,512,pointllm_7b_b1_s768_o128
,0.8264403164361828,5.092962640444005e-05,0.1735072676786802,1.4693273408943858e-06,,r16_c16_sk16_g256_hbm409.6_wu512_sram16m,15119843878,compute,,0.9719588420021609,0.028041157997839104,distance,256,0.792264,5.2398953745334434e-05,409.6,926.570327506,15119.843878,0.41835341306984253,0.5816465727382271,,hbm,4509.604992,0.29825737807793523,0.9999614405227277,3.85534075273151e-05,,compute,10544.100407,0.6973683387261759,0.99999880732377,compute,53.660833,0.0035490335371834584,0.9999945230716463,compute,11.685381999999999,0.0007728507049601693,16,16.0,16,256,16,8.465695878397614,512,pointllm_7b_b1_s768_o128
,0.7882633739291472,4.857696114782288e-05,,1.3951442932716543e-06,0.21168663781615593,r16_c16_sk16_g256_hbm819.2_wu256_sram16m,15852123760,compute,,0.9720815386712852,0.027918461328714762,distance,256,0.7921640000000001,4.997210544109454e-05,819.2,926.570327506,15852.12376,0.35991814289398105,,0.6400818448964061,unpack,5241.771434,0.33066682504880973,0.9999506729470197,,4.932098330079531e-05,compute,10544.213947,0.6651609655992239,0.99999880732377,compute,53.660833,0.003385087942311144,0.9999945230716463,compute,11.685381999999999,0.0007371493042141124,16,16.0,16,256,16,8.074627850369495,256,pointllm_7b_b1_s768_o128
,0.7882633689565431,4.85769608413847e-05,,1.401452587438968e-06,0.2116866364807725,r16_c16_sk16_g256_hbm409.6_wu256_sram16m,15852123860,compute,,0.9719588420021609,0.028041157997839104,distance,256,0.792264,4.997841342882366e-05,409.6,926.570327506,15852.123860000002,0.35991814289398105,,0.6400818448964061,unpack,5241.771434,0.3306668229628632,0.9999506729470197,,4.932098330079531e-05,compute,10544.213947,0.665160961403187,0.99999880732377,compute,53.660833,0.003385087920956984,0.9999945230716463,compute,11.685381999999999,0.0007371492995639513,16,16.0,16,256,16,8.074627799432296,256,pointllm_7b_b1_s768_o128
,0.6505505217440646,4.009036632253555e-05,,1.1514068494291216e-06,0.34940822315484915,r16_c16_sk8_g256_hbm819.2_wu128_sram16m,19207806529,compute,,0.9720815386712852,0.027918461328714762,distance,256,0.7921640000000001,4.124177317196467e-05,819.2,926.570327506,19207.806528999998,0.21945133069586145,,0.7805486618596241,unpack,8596.934153999999,0.4475750076418317,0.9999013570185464,,9.863691207331998e-05,compute,10544.733995999999,0.5489816851330489,0.99999880732377,compute,53.660833,0.0027936991617956335,0.9999945230716463,compute,11.685381999999999,0.0006083662901517348,8,16.0,16,256,16,6.663957167974659,128,pointllm_7b_b1_s768_o128
,0.6505505217440646,4.009036632253555e-05,,1.1514068494291216e-06,0.34940822315484915,r16_c16_sk16_g256_hbm819.2_wu128_sram16m,19207806529,compute,,0.9720815386712852,0.027918461328714762,distance,256,0.7921640000000001,4.124177317196467e-05,819.2,926.570327506,19207.806528999998,0.21945133069586145,,0.7805486618596241,unpack,8596.934153999999,0.4475750076418317,0.9999013570185464,,9.863691207331998e-05,compute,10544.733995999999,0.5489816851330489,0.99999880732377,compute,53.660833,0.0027936991617956335,0.9999945230716463,compute,11.685381999999999,0.0006083662901517348,16,16.0,16,256,16,6.663957167974659,128,pointllm_7b_b1_s768_o128
,0.6505505183571577,4.009036611381642e-05,,1.1566130599450238e-06,0.3494082213357543,r16_c16_sk8_g256_hbm409.6_wu128_sram16m,19207806629,compute,,0.9719588420021609,0.028041157997839104,distance,256,0.792264,4.1246979173761446e-05,409.6,926.570327506,19207.806629,0.21945133069586145,,0.7805486618596241,unpack,8596.934153999999,0.44757500531165934,0.9999013570185464,,9.863691207331998e-05,compute,10544.733995999999,0.5489816822749315,0.99999880732377,compute,53.660833,0.002793699147251031,0.9999945230716463,compute,11.685381999999999,0.0006083662869844482,8,16.0,16,256,16,6.663957133280655,128,pointllm_7b_b1_s768_o128
,0.6505505183571577,4.009036611381642e-05,,1.1566130599450238e-06,0.3494082213357543,r16_c16_sk16_g256_hbm409.6_wu128_sram16m,19207806629,compute,,0.9719588420021609,0.028041157997839104,distance,256,0.792264,4.1246979173761446e-05,409.6,926.570327506,19207.806629,0.21945133069586145,,0.7805486618596241,unpack,8596.934153999999,0.44757500531165934,0.9999013570185464,,9.863691207331998e-05,compute,10544.733995999999,0.5489816822749315,0.99999880732377,compute,53.660833,0.002793699147251031,0.9999945230716463,compute,11.685381999999999,0.0006083662869844482,16,16.0,16,256,16,6.663957133280655,128,pointllm_7b_b1_s768_o128
