block_size,requested_block_ratio,retained_block_ratio_mean,retained_neuron_ratio_mean,post_gate_contribution_retained_mean,oracle_pre_gate_contribution_retained_mean,previous_token_contribution_retained_mean,adjacent_token_jaccard_mean,previous_token_recall_mean,same_point_cross_prompt_jaccard_mean,post_gate_weight_byte_reduction_mean,oracle_pre_gate_weight_byte_reduction_mean,previous_token_weight_byte_reduction_steady_state,previous_token_weight_byte_reduction_including_first_step_mean,observations,temporal_pairs,cross_prompt_pairs
32,0.05,0.0523255813953411,0.0523255813953411,0.09173664420215678,0.09173664420215678,0.06335814345723254,0.10926903795901384,0.18845486111111118,0.13052353153799923,0.31589147286827146,0.9476744186047497,0.9476744186046512,0.9171042760691063,7936,7680,11904
32,0.1,0.10174418604651646,0.10174418604651646,0.15968563621850632,0.15968563621850632,0.11811095848822503,0.1430175885124575,0.2435453869047601,0.15956328401527795,0.29941860465119774,0.8982558139534518,0.8982558139534884,0.8692798199549597,7936,7680,11904
32,0.2,0.20058139534882155,0.20058139534882155,0.2818452806665296,0.2818452806665296,0.2236215504880334,0.20847160472861964,0.33979846014493437,0.2171356985735641,0.2664728682170756,0.7994186046510611,0.7994186046511628,0.7736309077268423,7936,7680,11904
32,0.3,0.30232558139535054,0.30232558139535054,0.3964938326351694,0.3964938326351694,0.3289343729785922,0.2751742085217735,0.42744391025640954,0.27968194505145266,0.23255813953484644,0.6976744186046788,0.6976744186046512,0.6751687921980677,7936,7680,11904
32,0.5,0.5,0.5,0.5978903890466409,0.5978903890466409,0.5274616657150841,0.41816289339033635,0.587475018168611,0.4187987564481487,0.16666666666667204,0.5,0.5,0.4838709677419355,7936,7680,11904
32,0.75,0.75,0.75,0.8204546160670588,0.8204546160670588,0.7695290933538069,0.6476196279580174,0.7855786700581369,0.64981147143197,0.08333333333333602,0.25,0.25,0.24193548387096775,7936,7680,11904
32,1.0,1.0,1.0,1.0,1.0,1.0,1.0,1.0,1.0,0.0,0.0,0.0,0.0,7936,7680,11904
64,0.05,0.0523255813953411,0.0523255813953411,0.0798000329447722,0.0798000329447722,0.05975418764126785,0.1071302766626724,0.18114872685183592,0.1298115372678705,0.31589147286827146,0.9476744186047497,0.9476744186046512,0.9171042760691063,7936,7680,11904
64,0.1,0.1046511627906822,0.1046511627906822,0.14627107299633618,0.14627107299633618,0.11629534419341962,0.1436537995940345,0.2423104745370369,0.16136032872954476,0.298449612403135,0.8953488372091971,0.8953488372093024,0.8664666166540685,7936,7680,11904
64,0.2,0.20348837209303292,0.20348837209303292,0.26211756424248056,0.26211756424248056,0.2200323018707911,0.21022153567233853,0.34092261904761667,0.2192579767411503,0.2655038759689888,0.7965116279071265,0.7965116279069767,0.770817704426242,7936,7680,11904
64,0.3,0.30232558139535054,0.30232558139535054,0.37042705728672115,0.37042705728672115,0.3216060900356591,0.276234931385804,0.4278771033653869,0.28056126817124066,0.23255813953484644,0.6976744186046788,0.6976744186046512,0.6751687921980677,7936,7680,11904
64,0.5,0.5,0.5,0.5716945078732446,0.5716945078732446,0.5201100393659234,0.4197839095894798,0.5886506782945934,0.4202035432595244,0.16666666666667204,0.5,0.5,0.4838709677419355,7936,7680,11904
64,0.75,0.75,0.75,0.8023798728554513,0.8023798728554513,0.7647518944952912,0.6503469531869351,0.7874081476097887,0.6512585332988065,0.08333333333333602,0.25,0.25,0.24193548387096775,7936,7680,11904
64,1.0,1.0,1.0,1.0,1.0,1.0,1.0,1.0,1.0,0.0,0.0,0.0,0.0,7936,7680,11904
128,0.05,0.05813953488371161,0.05813953488371161,0.07851274079690698,0.07851274079690698,0.06352945198777513,0.11064866484787712,0.18000000000001207,0.13322819327103078,0.31395348837212583,0.941860465116359,0.9418604651162791,0.9114778694674427,7936,7680,11904
128,0.1,0.1046511627906822,0.1046511627906822,0.13391987055702576,0.13391987055702576,0.112688172937041,0.14531789652596064,0.23942418981479224,0.1606787304152883,0.298449612403135,0.8953488372091971,0.8953488372093024,0.8664666166540685,7936,7680,11904
128,0.2,0.2093023255813644,0.2093023255813644,0.2516378258611968,0.2516378258611968,0.22125012531948293,0.21616842173497508,0.3463541666666615,0.2238479530304298,0.26356589147285014,0.7906976744186526,0.7906976744186046,0.7651912978244951,7936,7680,11904
128,0.3,0.30232558139535054,0.30232558139535054,0.35125260298889294,0.35125260298889294,0.3161786316012571,0.27833067536585726,0.42856069711539285,0.281525183117669,0.23255813953484644,0.6976744186046788,0.6976744186046512,0.6751687921980677,7936,7680,11904
128,0.5,0.5,0.5,0.5520892743594484,0.5520892743594484,0.5146743805105722,0.4224526032575953,0.5902404312015522,0.42002124363120796,0.16666666666667204,0.5,0.5,0.4838709677419355,7936,7680,11904
128,0.75,0.7558139534884781,0.7558139534884781,0.7937397405176175,0.7937397405176175,0.7663421130059314,0.6573563830720924,0.7922235576923438,0.6577456449754299,0.08139534883719979,0.244186046511641,0.2441860465116279,0.23630907726932854,7936,7680,11904
128,1.0,1.0,1.0,1.0,1.0,1.0,1.0,1.0,1.0,0.0,0.0,0.0,0.0,7936,7680,11904
256,0.05,0.06976744186045916,0.06976744186045916,0.0855573178788732,0.0855573178788732,0.07412228361755685,0.12600260416667333,0.1929253472222182,0.14232190860215635,0.31007751937981065,0.9302325581393858,0.9302325581395349,0.9002250562639237,7936,7680,11904
256,0.1,0.11627906976742322,0.11627906976742322,0.1380175331858412,0.1380175331858412,0.1222653267562867,0.15405919312168478,0.2453645833333517,0.16810409199521412,0.2945736434108237,0.8837209302326118,0.8837209302325582,0.8552138034509081,7936,7680,11904
256,0.2,0.2093023255813644,0.2093023255813644,0.23922640414323415,0.23922640414323415,0.21755341276226672,0.21639859049498683,0.3410734953703599,0.22347450627624904,0.26356589147285014,0.7906976744186526,0.7906976744186046,0.7651912978244951,7936,7680,11904
256,0.3,0.30232558139535054,0.30232558139535054,0.33716083223981497,0.33716083223981497,0.31199812744502553,0.27945912947328766,0.4258112980769287,0.28126360802762557,0.23255813953484644,0.6976744186046788,0.6976744186046512,0.6751687921980677,7936,7680,11904
256,0.5,0.5116279069767139,0.5116279069767139,0.5489631196572305,0.5489631196572305,0.5221084197909885,0.4334297623705846,0.5991358901514938,0.4296687220017755,0.16279069767439958,0.488372093023282,0.4883720930232558,0.4726181545386571,7936,7680,11904
256,0.75,0.7674418604650155,0.7674418604650155,0.7941334962007677,0.7941334962007677,0.7748972314424447,0.6719494200649546,0.8022095959597013,0.6708998245594792,0.07751937984495266,0.23255813953484644,0.2325581395348837,0.22505626406598092,7936,7680,11904
256,1.0,1.0,1.0,1.0,1.0,1.0,1.0,1.0,1.0,0.0,0.0,0.0,0.0,7936,7680,11904
