cycle,event,tag,column,value
0,INPUT_ACCEPT,0,-1,0
2,INPUT_ACCEPT,0,-1,0
3,INPUT_ACCEPT,0,-1,0
4,INPUT_ACCEPT,0,-1,0
6,INPUT_ACCEPT,0,-1,0
7,INPUT_ACCEPT,0,-1,0
8,INPUT_ACCEPT,0,-1,0
10,INPUT_ACCEPT,0,-1,0
11,INPUT_ACCEPT,0,-1,0
12,INPUT_ACCEPT,0,-1,0
14,INPUT_ACCEPT,0,-1,0
15,INPUT_ACCEPT,0,-1,0
16,INPUT_ACCEPT,0,-1,0
18,INPUT_ACCEPT,0,-1,0
19,INPUT_ACCEPT,0,-1,0
20,INPUT_ACCEPT,0,-1,0
22,INPUT_ACCEPT,0,-1,0
23,INPUT_ACCEPT,0,-1,0
24,INPUT_ACCEPT,0,-1,0
26,INPUT_ACCEPT,0,-1,0
27,INPUT_ACCEPT,0,-1,0
28,INPUT_ACCEPT,0,-1,0
30,INPUT_ACCEPT,0,-1,0
31,INPUT_ACCEPT,0,-1,0
32,INPUT_ACCEPT,0,-1,0
34,INPUT_ACCEPT,0,-1,0
35,INPUT_ACCEPT,0,-1,0
36,INPUT_ACCEPT,0,-1,0
38,INPUT_ACCEPT,0,-1,0
39,INPUT_ACCEPT,0,-1,0
40,INPUT_ACCEPT,0,-1,0
42,INPUT_ACCEPT,0,-1,0
43,INPUT_ACCEPT,0,-1,0
44,INPUT_ACCEPT,0,-1,0
46,INPUT_ACCEPT,0,-1,0
47,INPUT_ACCEPT,0,-1,0
48,INPUT_ACCEPT,0,-1,0
50,INPUT_ACCEPT,0,-1,0
51,INPUT_ACCEPT,0,-1,0
52,INPUT_ACCEPT,0,-1,0
54,INPUT_ACCEPT,0,-1,0
55,INPUT_ACCEPT,0,-1,0
56,INPUT_ACCEPT,0,-1,0
58,INPUT_ACCEPT,0,-1,0
59,INPUT_ACCEPT,0,-1,0
60,INPUT_ACCEPT,0,-1,0
62,INPUT_ACCEPT,0,-1,0
63,INPUT_ACCEPT,0,-1,0
64,INPUT_ACCEPT,0,-1,0
66,INPUT_ACCEPT,0,-1,0
67,INPUT_ACCEPT,0,-1,0
68,INPUT_ACCEPT,0,-1,0
70,INPUT_ACCEPT,0,-1,0
71,INPUT_ACCEPT,0,-1,0
72,INPUT_ACCEPT,0,-1,0
74,INPUT_ACCEPT,0,-1,0
75,INPUT_ACCEPT,0,-1,0
76,INPUT_ACCEPT,0,-1,0
78,INPUT_ACCEPT,0,-1,0
79,INPUT_ACCEPT,0,-1,0
80,INPUT_ACCEPT,0,-1,0
82,INPUT_ACCEPT,0,-1,0
83,INPUT_ACCEPT,0,-1,0
84,INPUT_ACCEPT,0,-1,0
86,INPUT_ACCEPT,0,-1,0
87,INPUT_ACCEPT,0,-1,0
88,INPUT_ACCEPT,0,-1,0
90,INPUT_ACCEPT,0,-1,0
91,INPUT_ACCEPT,0,-1,0
92,INPUT_ACCEPT,0,-1,0
94,INPUT_ACCEPT,0,-1,0
95,INPUT_ACCEPT,0,-1,0
96,INPUT_ACCEPT,0,-1,0
98,INPUT_ACCEPT,0,-1,0
99,INPUT_ACCEPT,0,-1,0
100,INPUT_ACCEPT,0,-1,0
102,INPUT_ACCEPT,0,-1,0
103,INPUT_ACCEPT,0,-1,0
104,INPUT_ACCEPT,0,-1,0
106,INPUT_ACCEPT,0,-1,0
107,INPUT_ACCEPT,0,-1,0
108,INPUT_ACCEPT,0,-1,0
110,INPUT_ACCEPT,0,-1,0
111,INPUT_ACCEPT,0,-1,0
112,INPUT_ACCEPT,0,-1,0
114,INPUT_ACCEPT,0,-1,0
115,INPUT_ACCEPT,0,-1,0
116,INPUT_ACCEPT,0,-1,0
118,INPUT_ACCEPT,0,-1,0
119,INPUT_ACCEPT,0,-1,0
120,INPUT_ACCEPT,0,-1,0
122,INPUT_ACCEPT,0,-1,0
123,INPUT_ACCEPT,0,-1,0
124,INPUT_ACCEPT,0,-1,0
126,INPUT_ACCEPT,0,-1,0
127,INPUT_ACCEPT,0,-1,0
128,INPUT_ACCEPT,1,-1,0
128,OUTPUT_ACCEPT,0,0,26048
128,OUTPUT_ACCEPT,0,1,-1280
128,OUTPUT_ACCEPT,0,2,75328
128,OUTPUT_ACCEPT,0,3,86656
128,OUTPUT_ACCEPT,0,4,15552
128,OUTPUT_ACCEPT,0,5,7936
128,OUTPUT_ACCEPT,0,6,-22208
128,OUTPUT_ACCEPT,0,7,-127104
128,OUTPUT_ACCEPT,0,8,23232
128,OUTPUT_ACCEPT,0,9,29184
128,OUTPUT_ACCEPT,0,10,-11712
128,OUTPUT_ACCEPT,0,11,31616
128,OUTPUT_ACCEPT,0,12,-61504
128,OUTPUT_ACCEPT,0,13,-49408
128,OUTPUT_ACCEPT,0,14,57152
128,OUTPUT_ACCEPT,0,15,51328
128,OUTPUT_ACCEPT,0,16,21952
128,OUTPUT_ACCEPT,0,17,-25600
128,OUTPUT_ACCEPT,0,18,-101824
128,OUTPUT_ACCEPT,0,19,-49024
128,OUTPUT_ACCEPT,0,20,-8512
128,OUTPUT_ACCEPT,0,21,15104
128,OUTPUT_ACCEPT,0,22,114752
128,OUTPUT_ACCEPT,0,23,101248
128,OUTPUT_ACCEPT,0,24,39104
128,OUTPUT_ACCEPT,0,25,-12032
128,OUTPUT_ACCEPT,0,26,-56768
128,OUTPUT_ACCEPT,0,27,-96384
128,OUTPUT_ACCEPT,0,28,1216
128,OUTPUT_ACCEPT,0,29,52992
128,OUTPUT_ACCEPT,0,30,53824
128,OUTPUT_ACCEPT,0,31,30592
128,OUTPUT_ACCEPT,0,32,-105024
128,OUTPUT_ACCEPT,0,33,-14592
128,OUTPUT_ACCEPT,0,34,48960
128,OUTPUT_ACCEPT,0,35,-22912
128,OUTPUT_ACCEPT,0,36,-1600
128,OUTPUT_ACCEPT,0,37,2560
128,OUTPUT_ACCEPT,0,38,-141248
128,OUTPUT_ACCEPT,0,39,128
128,OUTPUT_ACCEPT,0,40,3264
128,OUTPUT_ACCEPT,0,41,48384
128,OUTPUT_ACCEPT,0,42,91968
128,OUTPUT_ACCEPT,0,43,53120
128,OUTPUT_ACCEPT,0,44,14016
128,OUTPUT_ACCEPT,0,45,14336
128,OUTPUT_ACCEPT,0,46,-76224
128,OUTPUT_ACCEPT,0,47,-21120
128,OUTPUT_ACCEPT,0,48,22464
128,OUTPUT_ACCEPT,0,49,19200
128,OUTPUT_ACCEPT,0,50,32832
128,OUTPUT_ACCEPT,0,51,-20864
128,OUTPUT_ACCEPT,0,52,-104000
128,OUTPUT_ACCEPT,0,53,40192
128,OUTPUT_ACCEPT,0,54,72000
128,OUTPUT_ACCEPT,0,55,12928
128,OUTPUT_ACCEPT,0,56,-8256
128,OUTPUT_ACCEPT,0,57,-54016
128,OUTPUT_ACCEPT,0,58,-98240
128,OUTPUT_ACCEPT,0,59,-25472
128,OUTPUT_ACCEPT,0,60,30400
130,INPUT_ACCEPT,1,-1,0
131,INPUT_ACCEPT,1,-1,0
132,INPUT_ACCEPT,1,-1,0
134,INPUT_ACCEPT,1,-1,0
135,INPUT_ACCEPT,1,-1,0
136,INPUT_ACCEPT,1,-1,0
138,INPUT_ACCEPT,1,-1,0
139,INPUT_ACCEPT,1,-1,0
140,INPUT_ACCEPT,1,-1,0
142,INPUT_ACCEPT,1,-1,0
143,INPUT_ACCEPT,1,-1,0
144,INPUT_ACCEPT,1,-1,0
146,INPUT_ACCEPT,1,-1,0
147,INPUT_ACCEPT,1,-1,0
148,INPUT_ACCEPT,1,-1,0
150,INPUT_ACCEPT,1,-1,0
151,INPUT_ACCEPT,1,-1,0
152,INPUT_ACCEPT,1,-1,0
154,INPUT_ACCEPT,1,-1,0
155,INPUT_ACCEPT,1,-1,0
156,INPUT_ACCEPT,1,-1,0
158,INPUT_ACCEPT,1,-1,0
159,INPUT_ACCEPT,1,-1,0
160,INPUT_ACCEPT,1,-1,0
162,INPUT_ACCEPT,1,-1,0
163,INPUT_ACCEPT,1,-1,0
164,INPUT_ACCEPT,1,-1,0
166,INPUT_ACCEPT,1,-1,0
167,INPUT_ACCEPT,1,-1,0
168,INPUT_ACCEPT,1,-1,0
170,INPUT_ACCEPT,1,-1,0
171,INPUT_ACCEPT,1,-1,0
172,INPUT_ACCEPT,1,-1,0
174,INPUT_ACCEPT,1,-1,0
175,INPUT_ACCEPT,1,-1,0
176,INPUT_ACCEPT,1,-1,0
178,INPUT_ACCEPT,1,-1,0
179,INPUT_ACCEPT,1,-1,0
180,INPUT_ACCEPT,1,-1,0
182,INPUT_ACCEPT,1,-1,0
183,INPUT_ACCEPT,1,-1,0
184,INPUT_ACCEPT,1,-1,0
186,INPUT_ACCEPT,1,-1,0
187,INPUT_ACCEPT,1,-1,0
188,INPUT_ACCEPT,1,-1,0
190,INPUT_ACCEPT,1,-1,0
191,INPUT_ACCEPT,1,-1,0
192,INPUT_ACCEPT,1,-1,0
194,INPUT_ACCEPT,1,-1,0
195,INPUT_ACCEPT,1,-1,0
196,INPUT_ACCEPT,1,-1,0
198,INPUT_ACCEPT,1,-1,0
199,INPUT_ACCEPT,1,-1,0
200,INPUT_ACCEPT,1,-1,0
202,INPUT_ACCEPT,1,-1,0
203,INPUT_ACCEPT,1,-1,0
204,INPUT_ACCEPT,1,-1,0
206,INPUT_ACCEPT,1,-1,0
207,INPUT_ACCEPT,1,-1,0
208,INPUT_ACCEPT,1,-1,0
210,INPUT_ACCEPT,1,-1,0
211,INPUT_ACCEPT,1,-1,0
212,INPUT_ACCEPT,1,-1,0
214,INPUT_ACCEPT,1,-1,0
215,INPUT_ACCEPT,1,-1,0
216,INPUT_ACCEPT,1,-1,0
218,INPUT_ACCEPT,1,-1,0
219,INPUT_ACCEPT,1,-1,0
220,INPUT_ACCEPT,1,-1,0
222,INPUT_ACCEPT,1,-1,0
223,INPUT_ACCEPT,1,-1,0
224,INPUT_ACCEPT,1,-1,0
226,INPUT_ACCEPT,1,-1,0
227,INPUT_ACCEPT,1,-1,0
228,INPUT_ACCEPT,1,-1,0
230,INPUT_ACCEPT,1,-1,0
231,INPUT_ACCEPT,1,-1,0
232,INPUT_ACCEPT,1,-1,0
234,INPUT_ACCEPT,1,-1,0
235,INPUT_ACCEPT,1,-1,0
236,INPUT_ACCEPT,1,-1,0
238,INPUT_ACCEPT,1,-1,0
239,INPUT_ACCEPT,1,-1,0
240,INPUT_ACCEPT,1,-1,0
242,INPUT_ACCEPT,1,-1,0
243,INPUT_ACCEPT,1,-1,0
244,INPUT_ACCEPT,1,-1,0
246,INPUT_ACCEPT,1,-1,0
247,INPUT_ACCEPT,1,-1,0
248,INPUT_ACCEPT,1,-1,0
250,INPUT_ACCEPT,1,-1,0
251,INPUT_ACCEPT,1,-1,0
252,INPUT_ACCEPT,1,-1,0
254,INPUT_ACCEPT,1,-1,0
255,INPUT_ACCEPT,1,-1,0
256,INPUT_ACCEPT,2,-1,0
256,OUTPUT_ACCEPT,1,0,64000
256,OUTPUT_ACCEPT,1,1,95424
256,OUTPUT_ACCEPT,1,2,91008
256,OUTPUT_ACCEPT,1,3,25664
256,OUTPUT_ACCEPT,1,4,8960
256,OUTPUT_ACCEPT,1,5,-79680
256,OUTPUT_ACCEPT,1,6,-182144
256,OUTPUT_ACCEPT,1,7,12096
256,OUTPUT_ACCEPT,1,8,77056
256,OUTPUT_ACCEPT,1,9,58816
256,OUTPUT_ACCEPT,1,10,59264
256,OUTPUT_ACCEPT,1,11,17216
256,OUTPUT_ACCEPT,1,12,-38912
256,OUTPUT_ACCEPT,1,13,18880
256,OUTPUT_ACCEPT,1,14,35712
256,OUTPUT_ACCEPT,1,15,5696
256,OUTPUT_ACCEPT,1,16,-43520
256,OUTPUT_ACCEPT,1,17,-172096
256,OUTPUT_ACCEPT,1,18,-58496
256,OUTPUT_ACCEPT,1,19,44352
256,OUTPUT_ACCEPT,1,20,8192
256,OUTPUT_ACCEPT,1,21,86208
256,OUTPUT_ACCEPT,1,22,104832
256,OUTPUT_ACCEPT,1,23,19008
256,OUTPUT_ACCEPT,1,24,6912
256,OUTPUT_ACCEPT,1,25,-120896
256,OUTPUT_ACCEPT,1,26,-115584
256,OUTPUT_ACCEPT,1,27,17216
256,OUTPUT_ACCEPT,1,28,29440
256,OUTPUT_ACCEPT,1,29,52672
256,OUTPUT_ACCEPT,1,30,99200
256,OUTPUT_ACCEPT,1,31,-13760
256,OUTPUT_ACCEPT,1,32,23040
256,OUTPUT_ACCEPT,1,33,28096
256,OUTPUT_ACCEPT,1,34,-2432
256,OUTPUT_ACCEPT,1,35,-28608
256,OUTPUT_ACCEPT,1,36,-92672
256,OUTPUT_ACCEPT,1,37,-165184
256,OUTPUT_ACCEPT,1,38,7552
256,OUTPUT_ACCEPT,1,39,67904
256,OUTPUT_ACCEPT,1,40,64256
256,OUTPUT_ACCEPT,1,41,93888
256,OUTPUT_ACCEPT,1,42,60800
256,OUTPUT_ACCEPT,1,43,10816
256,OUTPUT_ACCEPT,1,44,-43776
256,OUTPUT_ACCEPT,1,45,-115776
256,OUTPUT_ACCEPT,1,46,-33920
256,OUTPUT_ACCEPT,1,47,66880
256,OUTPUT_ACCEPT,1,48,20736
256,OUTPUT_ACCEPT,1,49,58816
256,OUTPUT_ACCEPT,1,50,52608
256,OUTPUT_ACCEPT,1,51,-95168
256,OUTPUT_ACCEPT,1,52,-1536
256,OUTPUT_ACCEPT,1,53,52928
256,OUTPUT_ACCEPT,1,54,-4992
256,OUTPUT_ACCEPT,1,55,-18368
256,OUTPUT_ACCEPT,1,56,-124928
256,OUTPUT_ACCEPT,1,57,-111936
256,OUTPUT_ACCEPT,1,58,24960
256,OUTPUT_ACCEPT,1,59,21056
256,OUTPUT_ACCEPT,1,60,65792
258,INPUT_ACCEPT,2,-1,0
259,INPUT_ACCEPT,2,-1,0
260,INPUT_ACCEPT,2,-1,0
262,INPUT_ACCEPT,2,-1,0
263,INPUT_ACCEPT,2,-1,0
264,INPUT_ACCEPT,2,-1,0
266,INPUT_ACCEPT,2,-1,0
267,INPUT_ACCEPT,2,-1,0
268,INPUT_ACCEPT,2,-1,0
270,INPUT_ACCEPT,2,-1,0
271,INPUT_ACCEPT,2,-1,0
272,INPUT_ACCEPT,2,-1,0
274,INPUT_ACCEPT,2,-1,0
275,INPUT_ACCEPT,2,-1,0
276,INPUT_ACCEPT,2,-1,0
278,INPUT_ACCEPT,2,-1,0
279,INPUT_ACCEPT,2,-1,0
280,INPUT_ACCEPT,2,-1,0
282,INPUT_ACCEPT,2,-1,0
283,INPUT_ACCEPT,2,-1,0
284,INPUT_ACCEPT,2,-1,0
286,INPUT_ACCEPT,2,-1,0
287,INPUT_ACCEPT,2,-1,0
288,INPUT_ACCEPT,2,-1,0
290,INPUT_ACCEPT,2,-1,0
291,INPUT_ACCEPT,2,-1,0
292,INPUT_ACCEPT,2,-1,0
294,INPUT_ACCEPT,2,-1,0
295,INPUT_ACCEPT,2,-1,0
296,INPUT_ACCEPT,2,-1,0
298,INPUT_ACCEPT,2,-1,0
299,INPUT_ACCEPT,2,-1,0
300,INPUT_ACCEPT,2,-1,0
302,INPUT_ACCEPT,2,-1,0
303,INPUT_ACCEPT,2,-1,0
304,INPUT_ACCEPT,2,-1,0
306,INPUT_ACCEPT,2,-1,0
307,INPUT_ACCEPT,2,-1,0
308,INPUT_ACCEPT,2,-1,0
310,INPUT_ACCEPT,2,-1,0
311,INPUT_ACCEPT,2,-1,0
312,INPUT_ACCEPT,2,-1,0
314,INPUT_ACCEPT,2,-1,0
315,INPUT_ACCEPT,2,-1,0
316,INPUT_ACCEPT,2,-1,0
318,INPUT_ACCEPT,2,-1,0
319,INPUT_ACCEPT,2,-1,0
320,INPUT_ACCEPT,2,-1,0
322,INPUT_ACCEPT,2,-1,0
323,INPUT_ACCEPT,2,-1,0
324,INPUT_ACCEPT,2,-1,0
326,INPUT_ACCEPT,2,-1,0
327,INPUT_ACCEPT,2,-1,0
328,INPUT_ACCEPT,2,-1,0
330,INPUT_ACCEPT,2,-1,0
331,INPUT_ACCEPT,2,-1,0
332,INPUT_ACCEPT,2,-1,0
334,INPUT_ACCEPT,2,-1,0
335,INPUT_ACCEPT,2,-1,0
336,INPUT_ACCEPT,2,-1,0
338,INPUT_ACCEPT,2,-1,0
339,INPUT_ACCEPT,2,-1,0
340,INPUT_ACCEPT,2,-1,0
342,INPUT_ACCEPT,2,-1,0
343,INPUT_ACCEPT,2,-1,0
344,INPUT_ACCEPT,2,-1,0
346,INPUT_ACCEPT,2,-1,0
347,INPUT_ACCEPT,2,-1,0
348,INPUT_ACCEPT,2,-1,0
350,INPUT_ACCEPT,2,-1,0
351,INPUT_ACCEPT,2,-1,0
352,INPUT_ACCEPT,2,-1,0
354,INPUT_ACCEPT,2,-1,0
355,INPUT_ACCEPT,2,-1,0
356,INPUT_ACCEPT,2,-1,0
358,INPUT_ACCEPT,2,-1,0
359,INPUT_ACCEPT,2,-1,0
360,INPUT_ACCEPT,2,-1,0
362,INPUT_ACCEPT,2,-1,0
363,INPUT_ACCEPT,2,-1,0
364,INPUT_ACCEPT,2,-1,0
366,INPUT_ACCEPT,2,-1,0
367,INPUT_ACCEPT,2,-1,0
368,INPUT_ACCEPT,2,-1,0
370,INPUT_ACCEPT,2,-1,0
371,INPUT_ACCEPT,2,-1,0
372,INPUT_ACCEPT,2,-1,0
374,INPUT_ACCEPT,2,-1,0
375,INPUT_ACCEPT,2,-1,0
376,INPUT_ACCEPT,2,-1,0
378,INPUT_ACCEPT,2,-1,0
379,INPUT_ACCEPT,2,-1,0
380,INPUT_ACCEPT,2,-1,0
382,INPUT_ACCEPT,2,-1,0
383,INPUT_ACCEPT,2,-1,0
384,INPUT_ACCEPT,3,-1,0
384,OUTPUT_ACCEPT,2,0,75328
384,OUTPUT_ACCEPT,2,1,103296
384,OUTPUT_ACCEPT,2,2,21184
384,OUTPUT_ACCEPT,2,3,13568
384,OUTPUT_ACCEPT,2,4,-10944
384,OUTPUT_ACCEPT,2,5,-177280
384,OUTPUT_ACCEPT,2,6,-86592
384,OUTPUT_ACCEPT,2,7,16896
384,OUTPUT_ACCEPT,2,8,-192
384,OUTPUT_ACCEPT,2,9,26240
384,OUTPUT_ACCEPT,2,10,-59712
384,OUTPUT_ACCEPT,2,11,-52736
384,OUTPUT_ACCEPT,2,12,62528
384,OUTPUT_ACCEPT,2,13,38272
384,OUTPUT_ACCEPT,2,14,34240
384,OUTPUT_ACCEPT,2,15,48896
384,OUTPUT_ACCEPT,2,16,-82368
384,OUTPUT_ACCEPT,2,17,-26496
384,OUTPUT_ACCEPT,2,18,18112
384,OUTPUT_ACCEPT,2,19,43264
384,OUTPUT_ACCEPT,2,20,64832
384,OUTPUT_ACCEPT,2,21,69504
384,OUTPUT_ACCEPT,2,22,10432
384,OUTPUT_ACCEPT,2,23,52224
384,OUTPUT_ACCEPT,2,24,-37568
384,OUTPUT_ACCEPT,2,25,-107648
384,OUTPUT_ACCEPT,2,26,-48960
384,OUTPUT_ACCEPT,2,27,-2560
384,OUTPUT_ACCEPT,2,28,-6848
384,OUTPUT_ACCEPT,2,29,-8832
384,OUTPUT_ACCEPT,2,30,-44352
384,OUTPUT_ACCEPT,2,31,18432
384,OUTPUT_ACCEPT,2,32,99904
384,OUTPUT_ACCEPT,2,33,22912
384,OUTPUT_ACCEPT,2,34,32704
384,OUTPUT_ACCEPT,2,35,-9984
384,OUTPUT_ACCEPT,2,36,-156096
384,OUTPUT_ACCEPT,2,37,-39808
384,OUTPUT_ACCEPT,2,38,59584
384,OUTPUT_ACCEPT,2,39,42240
384,OUTPUT_ACCEPT,2,40,100672
384,OUTPUT_ACCEPT,2,41,52608
384,OUTPUT_ACCEPT,2,42,11712
384,OUTPUT_ACCEPT,2,43,19456
384,OUTPUT_ACCEPT,2,44,-112832
384,OUTPUT_ACCEPT,2,45,-122752
384,OUTPUT_ACCEPT,2,46,3776
384,OUTPUT_ACCEPT,2,47,22528
384,OUTPUT_ACCEPT,2,48,21056
384,OUTPUT_ACCEPT,2,49,-27264
384,OUTPUT_ACCEPT,2,50,-115520
384,OUTPUT_ACCEPT,2,51,39168
384,OUTPUT_ACCEPT,2,52,50752
384,OUTPUT_ACCEPT,2,53,18816
384,OUTPUT_ACCEPT,2,54,71104
384,OUTPUT_ACCEPT,2,55,-24320
384,OUTPUT_ACCEPT,2,56,-81856
384,OUTPUT_ACCEPT,2,57,-6784
384,OUTPUT_ACCEPT,2,58,52416
384,OUTPUT_ACCEPT,2,59,40704
384,OUTPUT_ACCEPT,2,60,77632
386,INPUT_ACCEPT,3,-1,0
387,INPUT_ACCEPT,3,-1,0
388,INPUT_ACCEPT,3,-1,0
390,INPUT_ACCEPT,3,-1,0
391,INPUT_ACCEPT,3,-1,0
392,INPUT_ACCEPT,3,-1,0
394,INPUT_ACCEPT,3,-1,0
395,INPUT_ACCEPT,3,-1,0
396,INPUT_ACCEPT,3,-1,0
398,INPUT_ACCEPT,3,-1,0
399,INPUT_ACCEPT,3,-1,0
400,INPUT_ACCEPT,3,-1,0
402,INPUT_ACCEPT,3,-1,0
403,INPUT_ACCEPT,3,-1,0
404,INPUT_ACCEPT,3,-1,0
406,INPUT_ACCEPT,3,-1,0
407,INPUT_ACCEPT,3,-1,0
408,INPUT_ACCEPT,3,-1,0
410,INPUT_ACCEPT,3,-1,0
411,INPUT_ACCEPT,3,-1,0
412,INPUT_ACCEPT,3,-1,0
414,INPUT_ACCEPT,3,-1,0
415,INPUT_ACCEPT,3,-1,0
416,INPUT_ACCEPT,3,-1,0
418,INPUT_ACCEPT,3,-1,0
419,INPUT_ACCEPT,3,-1,0
420,INPUT_ACCEPT,3,-1,0
422,INPUT_ACCEPT,3,-1,0
423,INPUT_ACCEPT,3,-1,0
424,INPUT_ACCEPT,3,-1,0
426,INPUT_ACCEPT,3,-1,0
427,INPUT_ACCEPT,3,-1,0
428,INPUT_ACCEPT,3,-1,0
430,INPUT_ACCEPT,3,-1,0
431,INPUT_ACCEPT,3,-1,0
432,INPUT_ACCEPT,3,-1,0
434,INPUT_ACCEPT,3,-1,0
435,INPUT_ACCEPT,3,-1,0
436,INPUT_ACCEPT,3,-1,0
438,INPUT_ACCEPT,3,-1,0
439,INPUT_ACCEPT,3,-1,0
440,INPUT_ACCEPT,3,-1,0
442,INPUT_ACCEPT,3,-1,0
443,INPUT_ACCEPT,3,-1,0
444,INPUT_ACCEPT,3,-1,0
446,INPUT_ACCEPT,3,-1,0
447,INPUT_ACCEPT,3,-1,0
448,INPUT_ACCEPT,3,-1,0
450,INPUT_ACCEPT,3,-1,0
451,INPUT_ACCEPT,3,-1,0
452,INPUT_ACCEPT,3,-1,0
454,INPUT_ACCEPT,3,-1,0
455,INPUT_ACCEPT,3,-1,0
456,INPUT_ACCEPT,3,-1,0
458,INPUT_ACCEPT,3,-1,0
459,INPUT_ACCEPT,3,-1,0
460,INPUT_ACCEPT,3,-1,0
462,INPUT_ACCEPT,3,-1,0
463,INPUT_ACCEPT,3,-1,0
464,INPUT_ACCEPT,3,-1,0
466,INPUT_ACCEPT,3,-1,0
467,INPUT_ACCEPT,3,-1,0
468,INPUT_ACCEPT,3,-1,0
470,INPUT_ACCEPT,3,-1,0
471,INPUT_ACCEPT,3,-1,0
472,INPUT_ACCEPT,3,-1,0
474,INPUT_ACCEPT,3,-1,0
475,INPUT_ACCEPT,3,-1,0
476,INPUT_ACCEPT,3,-1,0
478,INPUT_ACCEPT,3,-1,0
479,INPUT_ACCEPT,3,-1,0
480,INPUT_ACCEPT,3,-1,0
482,INPUT_ACCEPT,3,-1,0
483,INPUT_ACCEPT,3,-1,0
484,INPUT_ACCEPT,3,-1,0
486,INPUT_ACCEPT,3,-1,0
487,INPUT_ACCEPT,3,-1,0
488,INPUT_ACCEPT,3,-1,0
490,INPUT_ACCEPT,3,-1,0
491,INPUT_ACCEPT,3,-1,0
492,INPUT_ACCEPT,3,-1,0
494,INPUT_ACCEPT,3,-1,0
495,INPUT_ACCEPT,3,-1,0
496,INPUT_ACCEPT,3,-1,0
498,INPUT_ACCEPT,3,-1,0
499,INPUT_ACCEPT,3,-1,0
500,INPUT_ACCEPT,3,-1,0
502,INPUT_ACCEPT,3,-1,0
503,INPUT_ACCEPT,3,-1,0
504,INPUT_ACCEPT,3,-1,0
506,INPUT_ACCEPT,3,-1,0
507,INPUT_ACCEPT,3,-1,0
508,INPUT_ACCEPT,3,-1,0
510,INPUT_ACCEPT,3,-1,0
511,INPUT_ACCEPT,3,-1,0
513,OUTPUT_ACCEPT,3,0,153216
513,OUTPUT_ACCEPT,3,1,112192
513,OUTPUT_ACCEPT,3,2,83456
513,OUTPUT_ACCEPT,3,3,2496
513,OUTPUT_ACCEPT,3,4,-95360
513,OUTPUT_ACCEPT,3,5,-77248
513,OUTPUT_ACCEPT,3,6,-55552
513,OUTPUT_ACCEPT,3,7,-42816
513,OUTPUT_ACCEPT,3,8,54656
513,OUTPUT_ACCEPT,3,9,-5312
513,OUTPUT_ACCEPT,3,10,-46592
513,OUTPUT_ACCEPT,3,11,9408
513,OUTPUT_ACCEPT,3,12,33920
513,OUTPUT_ACCEPT,3,13,-6848
513,OUTPUT_ACCEPT,3,14,-31744
513,OUTPUT_ACCEPT,3,15,-103488
513,OUTPUT_ACCEPT,3,16,-54656
513,OUTPUT_ACCEPT,3,17,54592
513,OUTPUT_ACCEPT,3,18,30208
513,OUTPUT_ACCEPT,3,19,108736
513,OUTPUT_ACCEPT,3,20,122496
513,OUTPUT_ACCEPT,3,21,53824
513,OUTPUT_ACCEPT,3,22,48128
513,OUTPUT_ACCEPT,3,23,20928
513,OUTPUT_ACCEPT,3,24,-146560
513,OUTPUT_ACCEPT,3,25,-27840
513,OUTPUT_ACCEPT,3,26,-46848
513,OUTPUT_ACCEPT,3,27,-21312
513,OUTPUT_ACCEPT,3,28,23424
513,OUTPUT_ACCEPT,3,29,-69312
513,OUTPUT_ACCEPT,3,30,-55808
513,OUTPUT_ACCEPT,3,31,51648
513,OUTPUT_ACCEPT,3,32,46720
513,OUTPUT_ACCEPT,3,33,18752
513,OUTPUT_ACCEPT,3,34,-62208
513,OUTPUT_ACCEPT,3,35,-186944
513,OUTPUT_ACCEPT,3,36,-21888
513,OUTPUT_ACCEPT,3,37,21056
513,OUTPUT_ACCEPT,3,38,47104
513,OUTPUT_ACCEPT,3,39,148672
513,OUTPUT_ACCEPT,3,40,138112
513,OUTPUT_ACCEPT,3,41,77888
513,OUTPUT_ACCEPT,3,42,29184
513,OUTPUT_ACCEPT,3,43,-36416
513,OUTPUT_ACCEPT,3,44,-115328
513,OUTPUT_ACCEPT,3,45,-63168
513,OUTPUT_ACCEPT,3,46,-23040
513,OUTPUT_ACCEPT,3,47,44736
513,OUTPUT_ACCEPT,3,48,22400
513,OUTPUT_ACCEPT,3,49,-112320
513,OUTPUT_ACCEPT,3,50,-20480
513,OUTPUT_ACCEPT,3,51,43456
513,OUTPUT_ACCEPT,3,52,-27008
513,OUTPUT_ACCEPT,3,53,-14272
513,OUTPUT_ACCEPT,3,54,-48384
513,OUTPUT_ACCEPT,3,55,-94784
513,OUTPUT_ACCEPT,3,56,27776
513,OUTPUT_ACCEPT,3,57,33856
513,OUTPUT_ACCEPT,3,58,80896
513,OUTPUT_ACCEPT,3,59,126912
513,OUTPUT_ACCEPT,3,60,90496
514,INPUT_ACCEPT,4,-1,0
515,INPUT_ACCEPT,4,-1,0
516,INPUT_ACCEPT,4,-1,0
518,INPUT_ACCEPT,4,-1,0
519,INPUT_ACCEPT,4,-1,0
520,INPUT_ACCEPT,4,-1,0
522,INPUT_ACCEPT,4,-1,0
523,INPUT_ACCEPT,4,-1,0
524,INPUT_ACCEPT,4,-1,0
526,INPUT_ACCEPT,4,-1,0
527,INPUT_ACCEPT,4,-1,0
528,INPUT_ACCEPT,4,-1,0
530,INPUT_ACCEPT,4,-1,0
531,INPUT_ACCEPT,4,-1,0
532,INPUT_ACCEPT,4,-1,0
534,INPUT_ACCEPT,4,-1,0
535,INPUT_ACCEPT,4,-1,0
536,INPUT_ACCEPT,4,-1,0
538,INPUT_ACCEPT,4,-1,0
539,INPUT_ACCEPT,4,-1,0
540,INPUT_ACCEPT,4,-1,0
542,INPUT_ACCEPT,4,-1,0
543,INPUT_ACCEPT,4,-1,0
544,INPUT_ACCEPT,4,-1,0
546,INPUT_ACCEPT,4,-1,0
547,INPUT_ACCEPT,4,-1,0
548,INPUT_ACCEPT,4,-1,0
550,INPUT_ACCEPT,4,-1,0
551,INPUT_ACCEPT,4,-1,0
552,INPUT_ACCEPT,4,-1,0
554,INPUT_ACCEPT,4,-1,0
555,INPUT_ACCEPT,4,-1,0
556,INPUT_ACCEPT,4,-1,0
558,INPUT_ACCEPT,4,-1,0
559,INPUT_ACCEPT,4,-1,0
560,INPUT_ACCEPT,4,-1,0
562,INPUT_ACCEPT,4,-1,0
563,INPUT_ACCEPT,4,-1,0
564,INPUT_ACCEPT,4,-1,0
566,INPUT_ACCEPT,4,-1,0
567,INPUT_ACCEPT,4,-1,0
568,INPUT_ACCEPT,4,-1,0
570,INPUT_ACCEPT,4,-1,0
571,INPUT_ACCEPT,4,-1,0
572,INPUT_ACCEPT,4,-1,0
574,INPUT_ACCEPT,4,-1,0
575,INPUT_ACCEPT,4,-1,0
576,INPUT_ACCEPT,4,-1,0
578,INPUT_ACCEPT,4,-1,0
579,INPUT_ACCEPT,4,-1,0
580,INPUT_ACCEPT,4,-1,0
582,INPUT_ACCEPT,4,-1,0
583,INPUT_ACCEPT,4,-1,0
584,INPUT_ACCEPT,4,-1,0
586,INPUT_ACCEPT,4,-1,0
587,INPUT_ACCEPT,4,-1,0
588,INPUT_ACCEPT,4,-1,0
590,INPUT_ACCEPT,4,-1,0
591,INPUT_ACCEPT,4,-1,0
592,INPUT_ACCEPT,4,-1,0
594,INPUT_ACCEPT,4,-1,0
595,INPUT_ACCEPT,4,-1,0
596,INPUT_ACCEPT,4,-1,0
598,INPUT_ACCEPT,4,-1,0
599,INPUT_ACCEPT,4,-1,0
600,INPUT_ACCEPT,4,-1,0
602,INPUT_ACCEPT,4,-1,0
603,INPUT_ACCEPT,4,-1,0
604,INPUT_ACCEPT,4,-1,0
606,INPUT_ACCEPT,4,-1,0
607,INPUT_ACCEPT,4,-1,0
608,INPUT_ACCEPT,4,-1,0
610,INPUT_ACCEPT,4,-1,0
611,INPUT_ACCEPT,4,-1,0
612,INPUT_ACCEPT,4,-1,0
614,INPUT_ACCEPT,4,-1,0
615,INPUT_ACCEPT,4,-1,0
616,INPUT_ACCEPT,4,-1,0
618,INPUT_ACCEPT,4,-1,0
619,INPUT_ACCEPT,4,-1,0
620,INPUT_ACCEPT,4,-1,0
622,INPUT_ACCEPT,4,-1,0
623,INPUT_ACCEPT,4,-1,0
624,INPUT_ACCEPT,4,-1,0
626,INPUT_ACCEPT,4,-1,0
627,INPUT_ACCEPT,4,-1,0
628,INPUT_ACCEPT,4,-1,0
630,INPUT_ACCEPT,4,-1,0
631,INPUT_ACCEPT,4,-1,0
632,INPUT_ACCEPT,4,-1,0
634,INPUT_ACCEPT,4,-1,0
635,INPUT_ACCEPT,4,-1,0
636,INPUT_ACCEPT,4,-1,0
638,INPUT_ACCEPT,4,-1,0
639,INPUT_ACCEPT,4,-1,0
640,INPUT_ACCEPT,4,-1,0
641,OUTPUT_ACCEPT,4,0,45248
641,OUTPUT_ACCEPT,4,1,66304
641,OUTPUT_ACCEPT,4,2,25408
641,OUTPUT_ACCEPT,4,3,-128896
641,OUTPUT_ACCEPT,4,4,-37952
641,OUTPUT_ACCEPT,4,5,33536
641,OUTPUT_ACCEPT,4,6,-13760
641,OUTPUT_ACCEPT,4,7,39296
641,OUTPUT_ACCEPT,4,8,54720
641,OUTPUT_ACCEPT,4,9,-91648
641,OUTPUT_ACCEPT,4,10,42816
641,OUTPUT_ACCEPT,4,11,16768
641,OUTPUT_ACCEPT,4,12,16064
641,OUTPUT_ACCEPT,4,13,24320
641,OUTPUT_ACCEPT,4,14,-86976
641,OUTPUT_ACCEPT,4,15,-114048
641,OUTPUT_ACCEPT,4,16,-16192
641,OUTPUT_ACCEPT,4,17,15360
641,OUTPUT_ACCEPT,4,18,53056
641,OUTPUT_ACCEPT,4,19,53888
641,OUTPUT_ACCEPT,4,20,-5696
641,OUTPUT_ACCEPT,4,21,48896
641,OUTPUT_ACCEPT,4,22,-34496
641,OUTPUT_ACCEPT,4,23,-130688
641,OUTPUT_ACCEPT,4,24,17344
641,OUTPUT_ACCEPT,4,25,62720
641,OUTPUT_ACCEPT,4,26,31552
641,OUTPUT_ACCEPT,4,27,36224
641,OUTPUT_ACCEPT,4,28,-1088
641,OUTPUT_ACCEPT,4,29,-53504
641,OUTPUT_ACCEPT,4,30,9024
641,OUTPUT_ACCEPT,4,31,30080
641,OUTPUT_ACCEPT,4,32,69824
641,OUTPUT_ACCEPT,4,33,25344
641,OUTPUT_ACCEPT,4,34,-146368
641,OUTPUT_ACCEPT,4,35,-91008
641,OUTPUT_ACCEPT,4,36,-8000
641,OUTPUT_ACCEPT,4,37,-38400
641,OUTPUT_ACCEPT,4,38,45376
641,OUTPUT_ACCEPT,4,39,69248
641,OUTPUT_ACCEPT,4,40,55232
641,OUTPUT_ACCEPT,4,41,48384
641,OUTPUT_ACCEPT,4,42,-73664
641,OUTPUT_ACCEPT,4,43,-81536
641,OUTPUT_ACCEPT,4,44,24000
641,OUTPUT_ACCEPT,4,45,7168
641,OUTPUT_ACCEPT,4,46,26432
641,OUTPUT_ACCEPT,4,47,77696
641,OUTPUT_ACCEPT,4,48,-31040
641,OUTPUT_ACCEPT,4,49,9984
641,OUTPUT_ACCEPT,4,50,19776
641,OUTPUT_ACCEPT,4,51,-7040
641,OUTPUT_ACCEPT,4,52,37056
641,OUTPUT_ACCEPT,4,53,-36608
641,OUTPUT_ACCEPT,4,54,-157120
641,OUTPUT_ACCEPT,4,55,-23424
641,OUTPUT_ACCEPT,4,56,17088
641,OUTPUT_ACCEPT,4,57,19712
641,OUTPUT_ACCEPT,4,58,54592
641,OUTPUT_ACCEPT,4,59,27264
641,OUTPUT_ACCEPT,4,60,48576
