cycle,event,tag,value
0,PAYLOAD_ACCEPT,0,0
2,PAYLOAD_ACCEPT,0,1
3,PAYLOAD_ACCEPT,1,0
3,SRAM_READ_ISSUE,0,0
4,PAYLOAD_ACCEPT,1,1
4,SRAM_READ_ISSUE,0,1
5,SRAM_READ_ISSUE,1,0
6,PAYLOAD_ACCEPT,2,0
6,SRAM_READ_ISSUE,1,1
6,SRAM_RESPONSE,0,0
7,PAYLOAD_ACCEPT,2,1
7,SRAM_RESPONSE,0,1
7,DOT4_INPUT,0,0
8,PAYLOAD_ACCEPT,3,0
8,SRAM_READ_ISSUE,2,0
8,SRAM_RESPONSE,1,2
8,DOT4_INPUT,0,0
9,SRAM_READ_ISSUE,2,1
9,SRAM_RESPONSE,1,3
9,DOT4_INPUT,1,0
10,PAYLOAD_ACCEPT,3,1
10,DOT4_INPUT,1,0
11,PAYLOAD_ACCEPT,4,0
11,SRAM_READ_ISSUE,3,0
11,SRAM_RESPONSE,2,4
12,PAYLOAD_ACCEPT,4,1
12,SRAM_READ_ISSUE,3,1
12,SRAM_RESPONSE,2,5
12,DOT4_INPUT,2,0
12,OUTPUT_ACCEPT,1,125927809
13,SRAM_READ_ISSUE,4,0
13,DOT4_INPUT,2,0
14,PAYLOAD_ACCEPT,5,0
14,SRAM_READ_ISSUE,4,1
14,SRAM_RESPONSE,3,6
15,PAYLOAD_ACCEPT,5,1
15,SRAM_RESPONSE,3,7
15,DOT4_INPUT,3,0
16,PAYLOAD_ACCEPT,6,0
16,SRAM_READ_ISSUE,5,0
16,SRAM_RESPONSE,4,8
16,DOT4_INPUT,3,0
17,SRAM_READ_ISSUE,5,1
17,SRAM_RESPONSE,4,9
17,DOT4_INPUT,4,0
18,PAYLOAD_ACCEPT,6,1
18,DOT4_INPUT,4,0
18,OUTPUT_ACCEPT,3,50345142
19,PAYLOAD_ACCEPT,7,0
19,SRAM_READ_ISSUE,6,0
19,SRAM_RESPONSE,5,10
20,PAYLOAD_ACCEPT,7,1
20,SRAM_READ_ISSUE,6,1
20,SRAM_RESPONSE,5,11
20,DOT4_INPUT,5,0
21,SRAM_READ_ISSUE,7,0
21,DOT4_INPUT,5,0
22,SRAM_READ_ISSUE,7,1
22,SRAM_RESPONSE,6,12
23,SRAM_RESPONSE,6,13
23,DOT4_INPUT,6,0
23,OUTPUT_ACCEPT,5,130843009
24,SRAM_RESPONSE,7,14
24,DOT4_INPUT,6,0
25,SRAM_RESPONSE,7,15
25,DOT4_INPUT,7,0
26,DOT4_INPUT,7,0
28,OUTPUT_ACCEPT,7,50364287
