cycle,event,tag,lane,value
0,INPUT_ACCEPT,0,-1,0
1,OUTPUT_ACCEPT,0,0,216
1,OUTPUT_ACCEPT,0,1,219
1,OUTPUT_ACCEPT,0,2,600
1,OUTPUT_ACCEPT,0,3,1395
1,OUTPUT_ACCEPT,0,4,2664
1,OUTPUT_ACCEPT,0,5,4491
1,OUTPUT_ACCEPT,0,6,6984
1,OUTPUT_ACCEPT,0,7,10275
1,OUTPUT_ACCEPT,0,8,14520
1,OUTPUT_ACCEPT,0,9,19899
1,OUTPUT_ACCEPT,0,10,26616
1,OUTPUT_ACCEPT,0,11,34899
1,OUTPUT_ACCEPT,0,12,45000
1,OUTPUT_ACCEPT,0,13,57195
1,OUTPUT_ACCEPT,0,14,71784
1,OUTPUT_ACCEPT,0,15,89091
1,OUTPUT_ACCEPT,0,16,109464
1,OUTPUT_ACCEPT,0,17,133275
1,OUTPUT_ACCEPT,0,18,160920
1,OUTPUT_ACCEPT,0,19,192819
1,OUTPUT_ACCEPT,0,20,229416
1,OUTPUT_ACCEPT,0,21,271179
1,OUTPUT_ACCEPT,0,22,318600
1,OUTPUT_ACCEPT,0,23,372195
1,OUTPUT_ACCEPT,0,24,432504
1,OUTPUT_ACCEPT,0,25,500091
1,OUTPUT_ACCEPT,0,26,575544
1,OUTPUT_ACCEPT,0,27,659475
1,OUTPUT_ACCEPT,0,28,752520
1,OUTPUT_ACCEPT,0,29,855339
1,OUTPUT_ACCEPT,0,30,968616
1,OUTPUT_ACCEPT,0,31,1093059
1,OUTPUT_ACCEPT,0,32,1229400
1,OUTPUT_ACCEPT,0,33,1378395
1,OUTPUT_ACCEPT,0,34,1540824
1,OUTPUT_ACCEPT,0,35,1717491
1,OUTPUT_ACCEPT,0,36,1909224
1,OUTPUT_ACCEPT,0,37,2116875
1,OUTPUT_ACCEPT,0,38,2341320
1,OUTPUT_ACCEPT,0,39,2583459
1,OUTPUT_ACCEPT,0,40,2844216
1,OUTPUT_ACCEPT,0,41,3124539
1,OUTPUT_ACCEPT,0,42,3425400
1,OUTPUT_ACCEPT,0,43,3747795
1,OUTPUT_ACCEPT,0,44,4092744
1,OUTPUT_ACCEPT,0,45,4461291
1,OUTPUT_ACCEPT,0,46,4854504
1,OUTPUT_ACCEPT,0,47,5273475
1,OUTPUT_ACCEPT,0,48,5719320
1,OUTPUT_ACCEPT,0,49,6193179
1,OUTPUT_ACCEPT,0,50,6696216
1,OUTPUT_ACCEPT,0,51,7229619
1,OUTPUT_ACCEPT,0,52,7794600
1,OUTPUT_ACCEPT,0,53,8392395
1,OUTPUT_ACCEPT,0,54,9024264
1,OUTPUT_ACCEPT,0,55,9691491
1,OUTPUT_ACCEPT,0,56,10395384
1,OUTPUT_ACCEPT,0,57,11137275
1,OUTPUT_ACCEPT,0,58,11918520
1,OUTPUT_ACCEPT,0,59,12740499
1,OUTPUT_ACCEPT,0,60,13604616
1,OUTPUT_ACCEPT,0,61,14512299
1,OUTPUT_ACCEPT,0,62,15465000
1,OUTPUT_ACCEPT,0,63,16464195
2,INPUT_ACCEPT,1,-1,0
3,INPUT_ACCEPT,2,-1,0
3,OUTPUT_ACCEPT,1,0,621
3,OUTPUT_ACCEPT,1,1,150
3,OUTPUT_ACCEPT,1,2,9
3,OUTPUT_ACCEPT,1,3,234
3,OUTPUT_ACCEPT,1,4,885
3,OUTPUT_ACCEPT,1,5,2046
3,OUTPUT_ACCEPT,1,6,3825
3,OUTPUT_ACCEPT,1,7,6354
3,OUTPUT_ACCEPT,1,8,9789
3,OUTPUT_ACCEPT,1,9,14310
3,OUTPUT_ACCEPT,1,10,20121
3,OUTPUT_ACCEPT,1,11,27450
3,OUTPUT_ACCEPT,1,12,36549
3,OUTPUT_ACCEPT,1,13,47694
3,OUTPUT_ACCEPT,1,14,61185
3,OUTPUT_ACCEPT,1,15,77346
3,OUTPUT_ACCEPT,1,16,96525
3,OUTPUT_ACCEPT,1,17,119094
3,OUTPUT_ACCEPT,1,18,145449
3,OUTPUT_ACCEPT,1,19,176010
3,OUTPUT_ACCEPT,1,20,211221
3,OUTPUT_ACCEPT,1,21,251550
3,OUTPUT_ACCEPT,1,22,297489
3,OUTPUT_ACCEPT,1,23,349554
3,OUTPUT_ACCEPT,1,24,408285
3,OUTPUT_ACCEPT,1,25,474246
3,OUTPUT_ACCEPT,1,26,548025
3,OUTPUT_ACCEPT,1,27,630234
3,OUTPUT_ACCEPT,1,28,721509
3,OUTPUT_ACCEPT,1,29,822510
3,OUTPUT_ACCEPT,1,30,933921
3,OUTPUT_ACCEPT,1,31,1056450
3,OUTPUT_ACCEPT,1,32,1190829
3,OUTPUT_ACCEPT,1,33,1337814
3,OUTPUT_ACCEPT,1,34,1498185
3,OUTPUT_ACCEPT,1,35,1672746
3,OUTPUT_ACCEPT,1,36,1862325
3,OUTPUT_ACCEPT,1,37,2067774
3,OUTPUT_ACCEPT,1,38,2289969
3,OUTPUT_ACCEPT,1,39,2529810
3,OUTPUT_ACCEPT,1,40,2788221
3,OUTPUT_ACCEPT,1,41,3066150
3,OUTPUT_ACCEPT,1,42,3364569
3,OUTPUT_ACCEPT,1,43,3684474
3,OUTPUT_ACCEPT,1,44,4026885
3,OUTPUT_ACCEPT,1,45,4392846
3,OUTPUT_ACCEPT,1,46,4783425
3,OUTPUT_ACCEPT,1,47,5199714
3,OUTPUT_ACCEPT,1,48,5642829
3,OUTPUT_ACCEPT,1,49,6113910
3,OUTPUT_ACCEPT,1,50,6614121
3,OUTPUT_ACCEPT,1,51,7144650
3,OUTPUT_ACCEPT,1,52,7706709
3,OUTPUT_ACCEPT,1,53,8301534
3,OUTPUT_ACCEPT,1,54,8930385
3,OUTPUT_ACCEPT,1,55,9594546
3,OUTPUT_ACCEPT,1,56,10295325
3,OUTPUT_ACCEPT,1,57,11034054
3,OUTPUT_ACCEPT,1,58,11812089
3,OUTPUT_ACCEPT,1,59,12630810
3,OUTPUT_ACCEPT,1,60,13491621
3,OUTPUT_ACCEPT,1,61,14395950
3,OUTPUT_ACCEPT,1,62,15345249
3,OUTPUT_ACCEPT,1,63,16340994
4,INPUT_ACCEPT,3,-1,0
4,OUTPUT_ACCEPT,2,0,2124
4,OUTPUT_ACCEPT,2,1,1179
4,OUTPUT_ACCEPT,2,2,516
4,OUTPUT_ACCEPT,2,3,171
4,OUTPUT_ACCEPT,2,4,204
4,OUTPUT_ACCEPT,2,5,699
4,OUTPUT_ACCEPT,2,6,1764
4,OUTPUT_ACCEPT,2,7,3531
4,OUTPUT_ACCEPT,2,8,6156
4,OUTPUT_ACCEPT,2,9,9819
4,OUTPUT_ACCEPT,2,10,14724
4,OUTPUT_ACCEPT,2,11,21099
4,OUTPUT_ACCEPT,2,12,29196
4,OUTPUT_ACCEPT,2,13,39291
4,OUTPUT_ACCEPT,2,14,51684
4,OUTPUT_ACCEPT,2,15,66699
4,OUTPUT_ACCEPT,2,16,84684
4,OUTPUT_ACCEPT,2,17,106011
4,OUTPUT_ACCEPT,2,18,131076
4,OUTPUT_ACCEPT,2,19,160299
4,OUTPUT_ACCEPT,2,20,194124
4,OUTPUT_ACCEPT,2,21,233019
4,OUTPUT_ACCEPT,2,22,277476
4,OUTPUT_ACCEPT,2,23,328011
4,OUTPUT_ACCEPT,2,24,385164
4,OUTPUT_ACCEPT,2,25,449499
4,OUTPUT_ACCEPT,2,26,521604
4,OUTPUT_ACCEPT,2,27,602091
4,OUTPUT_ACCEPT,2,28,691596
4,OUTPUT_ACCEPT,2,29,790779
4,OUTPUT_ACCEPT,2,30,900324
4,OUTPUT_ACCEPT,2,31,1020939
4,OUTPUT_ACCEPT,2,32,1153356
4,OUTPUT_ACCEPT,2,33,1298331
4,OUTPUT_ACCEPT,2,34,1456644
4,OUTPUT_ACCEPT,2,35,1629099
4,OUTPUT_ACCEPT,2,36,1816524
4,OUTPUT_ACCEPT,2,37,2019771
4,OUTPUT_ACCEPT,2,38,2239716
4,OUTPUT_ACCEPT,2,39,2477259
4,OUTPUT_ACCEPT,2,40,2733324
4,OUTPUT_ACCEPT,2,41,3008859
4,OUTPUT_ACCEPT,2,42,3304836
4,OUTPUT_ACCEPT,2,43,3622251
4,OUTPUT_ACCEPT,2,44,3962124
4,OUTPUT_ACCEPT,2,45,4325499
4,OUTPUT_ACCEPT,2,46,4713444
4,OUTPUT_ACCEPT,2,47,5127051
4,OUTPUT_ACCEPT,2,48,5567436
4,OUTPUT_ACCEPT,2,49,6035739
4,OUTPUT_ACCEPT,2,50,6533124
4,OUTPUT_ACCEPT,2,51,7060779
4,OUTPUT_ACCEPT,2,52,7619916
4,OUTPUT_ACCEPT,2,53,8211771
4,OUTPUT_ACCEPT,2,54,8837604
4,OUTPUT_ACCEPT,2,55,9498699
4,OUTPUT_ACCEPT,2,56,10196364
4,OUTPUT_ACCEPT,2,57,10931931
4,OUTPUT_ACCEPT,2,58,11706756
4,OUTPUT_ACCEPT,2,59,12522219
4,OUTPUT_ACCEPT,2,60,13379724
4,OUTPUT_ACCEPT,2,61,14280699
4,OUTPUT_ACCEPT,2,62,15226596
4,OUTPUT_ACCEPT,2,63,16218891
5,OUTPUT_ACCEPT,3,0,4725
5,OUTPUT_ACCEPT,3,1,3306
5,OUTPUT_ACCEPT,3,2,2121
5,OUTPUT_ACCEPT,3,3,1206
5,OUTPUT_ACCEPT,3,4,621
5,OUTPUT_ACCEPT,3,5,450
5,OUTPUT_ACCEPT,3,6,801
5,OUTPUT_ACCEPT,3,7,1806
5,OUTPUT_ACCEPT,3,8,3621
5,OUTPUT_ACCEPT,3,9,6426
5,OUTPUT_ACCEPT,3,10,10425
5,OUTPUT_ACCEPT,3,11,15846
5,OUTPUT_ACCEPT,3,12,22941
5,OUTPUT_ACCEPT,3,13,31986
5,OUTPUT_ACCEPT,3,14,43281
5,OUTPUT_ACCEPT,3,15,57150
5,OUTPUT_ACCEPT,3,16,73941
5,OUTPUT_ACCEPT,3,17,94026
5,OUTPUT_ACCEPT,3,18,117801
5,OUTPUT_ACCEPT,3,19,145686
5,OUTPUT_ACCEPT,3,20,178125
5,OUTPUT_ACCEPT,3,21,215586
5,OUTPUT_ACCEPT,3,22,258561
5,OUTPUT_ACCEPT,3,23,307566
5,OUTPUT_ACCEPT,3,24,363141
5,OUTPUT_ACCEPT,3,25,425850
5,OUTPUT_ACCEPT,3,26,496281
5,OUTPUT_ACCEPT,3,27,575046
5,OUTPUT_ACCEPT,3,28,662781
5,OUTPUT_ACCEPT,3,29,760146
5,OUTPUT_ACCEPT,3,30,867825
5,OUTPUT_ACCEPT,3,31,986526
5,OUTPUT_ACCEPT,3,32,1116981
5,OUTPUT_ACCEPT,3,33,1259946
5,OUTPUT_ACCEPT,3,34,1416201
5,OUTPUT_ACCEPT,3,35,1586550
5,OUTPUT_ACCEPT,3,36,1771821
5,OUTPUT_ACCEPT,3,37,1972866
5,OUTPUT_ACCEPT,3,38,2190561
5,OUTPUT_ACCEPT,3,39,2425806
5,OUTPUT_ACCEPT,3,40,2679525
5,OUTPUT_ACCEPT,3,41,2952666
5,OUTPUT_ACCEPT,3,42,3246201
5,OUTPUT_ACCEPT,3,43,3561126
5,OUTPUT_ACCEPT,3,44,3898461
5,OUTPUT_ACCEPT,3,45,4259250
5,OUTPUT_ACCEPT,3,46,4644561
5,OUTPUT_ACCEPT,3,47,5055486
5,OUTPUT_ACCEPT,3,48,5493141
5,OUTPUT_ACCEPT,3,49,5958666
5,OUTPUT_ACCEPT,3,50,6453225
5,OUTPUT_ACCEPT,3,51,6978006
5,OUTPUT_ACCEPT,3,52,7534221
5,OUTPUT_ACCEPT,3,53,8123106
5,OUTPUT_ACCEPT,3,54,8745921
5,OUTPUT_ACCEPT,3,55,9403950
5,OUTPUT_ACCEPT,3,56,10098501
5,OUTPUT_ACCEPT,3,57,10830906
5,OUTPUT_ACCEPT,3,58,11602521
5,OUTPUT_ACCEPT,3,59,12414726
5,OUTPUT_ACCEPT,3,60,13268925
5,OUTPUT_ACCEPT,3,61,14166546
5,OUTPUT_ACCEPT,3,62,15109041
5,OUTPUT_ACCEPT,3,63,16097886
6,INPUT_ACCEPT,4,-1,0
8,INPUT_ACCEPT,5,-1,0
8,OUTPUT_ACCEPT,4,0,8424
8,OUTPUT_ACCEPT,4,1,6531
8,OUTPUT_ACCEPT,4,2,4824
8,OUTPUT_ACCEPT,4,3,3339
8,OUTPUT_ACCEPT,4,4,2136
8,OUTPUT_ACCEPT,4,5,1299
8,OUTPUT_ACCEPT,4,6,936
8,OUTPUT_ACCEPT,4,7,1179
8,OUTPUT_ACCEPT,4,8,2184
8,OUTPUT_ACCEPT,4,9,4131
8,OUTPUT_ACCEPT,4,10,7224
8,OUTPUT_ACCEPT,4,11,11691
8,OUTPUT_ACCEPT,4,12,17784
8,OUTPUT_ACCEPT,4,13,25779
8,OUTPUT_ACCEPT,4,14,35976
8,OUTPUT_ACCEPT,4,15,48699
8,OUTPUT_ACCEPT,4,16,64296
8,OUTPUT_ACCEPT,4,17,83139
8,OUTPUT_ACCEPT,4,18,105624
8,OUTPUT_ACCEPT,4,19,132171
8,OUTPUT_ACCEPT,4,20,163224
8,OUTPUT_ACCEPT,4,21,199251
8,OUTPUT_ACCEPT,4,22,240744
8,OUTPUT_ACCEPT,4,23,288219
8,OUTPUT_ACCEPT,4,24,342216
8,OUTPUT_ACCEPT,4,25,403299
8,OUTPUT_ACCEPT,4,26,472056
8,OUTPUT_ACCEPT,4,27,549099
8,OUTPUT_ACCEPT,4,28,635064
8,OUTPUT_ACCEPT,4,29,730611
8,OUTPUT_ACCEPT,4,30,836424
8,OUTPUT_ACCEPT,4,31,953211
8,OUTPUT_ACCEPT,4,32,1081704
8,OUTPUT_ACCEPT,4,33,1222659
8,OUTPUT_ACCEPT,4,34,1376856
8,OUTPUT_ACCEPT,4,35,1545099
8,OUTPUT_ACCEPT,4,36,1728216
8,OUTPUT_ACCEPT,4,37,1927059
8,OUTPUT_ACCEPT,4,38,2142504
8,OUTPUT_ACCEPT,4,39,2375451
8,OUTPUT_ACCEPT,4,40,2626824
8,OUTPUT_ACCEPT,4,41,2897571
8,OUTPUT_ACCEPT,4,42,3188664
8,OUTPUT_ACCEPT,4,43,3501099
8,OUTPUT_ACCEPT,4,44,3835896
8,OUTPUT_ACCEPT,4,45,4194099
8,OUTPUT_ACCEPT,4,46,4576776
8,OUTPUT_ACCEPT,4,47,4985019
8,OUTPUT_ACCEPT,4,48,5419944
8,OUTPUT_ACCEPT,4,49,5882691
8,OUTPUT_ACCEPT,4,50,6374424
8,OUTPUT_ACCEPT,4,51,6896331
8,OUTPUT_ACCEPT,4,52,7449624
8,OUTPUT_ACCEPT,4,53,8035539
8,OUTPUT_ACCEPT,4,54,8655336
8,OUTPUT_ACCEPT,4,55,9310299
8,OUTPUT_ACCEPT,4,56,10001736
8,OUTPUT_ACCEPT,4,57,10730979
8,OUTPUT_ACCEPT,4,58,11499384
8,OUTPUT_ACCEPT,4,59,12308331
8,OUTPUT_ACCEPT,4,60,13159224
8,OUTPUT_ACCEPT,4,61,14053491
8,OUTPUT_ACCEPT,4,62,14992584
8,OUTPUT_ACCEPT,4,63,15977979
9,OUTPUT_ACCEPT,5,0,13221
9,OUTPUT_ACCEPT,5,1,10854
9,OUTPUT_ACCEPT,5,2,8625
9,OUTPUT_ACCEPT,5,3,6570
9,OUTPUT_ACCEPT,5,4,4749
9,OUTPUT_ACCEPT,5,5,3246
9,OUTPUT_ACCEPT,5,6,2169
9,OUTPUT_ACCEPT,5,7,1650
9,OUTPUT_ACCEPT,5,8,1845
9,OUTPUT_ACCEPT,5,9,2934
9,OUTPUT_ACCEPT,5,10,5121
9,OUTPUT_ACCEPT,5,11,8634
9,OUTPUT_ACCEPT,5,12,13725
9,OUTPUT_ACCEPT,5,13,20670
9,OUTPUT_ACCEPT,5,14,29769
9,OUTPUT_ACCEPT,5,15,41346
9,OUTPUT_ACCEPT,5,16,55749
9,OUTPUT_ACCEPT,5,17,73350
9,OUTPUT_ACCEPT,5,18,94545
9,OUTPUT_ACCEPT,5,19,119754
9,OUTPUT_ACCEPT,5,20,149421
9,OUTPUT_ACCEPT,5,21,184014
9,OUTPUT_ACCEPT,5,22,224025
9,OUTPUT_ACCEPT,5,23,269970
9,OUTPUT_ACCEPT,5,24,322389
9,OUTPUT_ACCEPT,5,25,381846
9,OUTPUT_ACCEPT,5,26,448929
9,OUTPUT_ACCEPT,5,27,524250
9,OUTPUT_ACCEPT,5,28,608445
9,OUTPUT_ACCEPT,5,29,702174
9,OUTPUT_ACCEPT,5,30,806121
9,OUTPUT_ACCEPT,5,31,920994
9,OUTPUT_ACCEPT,5,32,1047525
9,OUTPUT_ACCEPT,5,33,1186470
9,OUTPUT_ACCEPT,5,34,1338609
9,OUTPUT_ACCEPT,5,35,1504746
9,OUTPUT_ACCEPT,5,36,1685709
9,OUTPUT_ACCEPT,5,37,1882350
9,OUTPUT_ACCEPT,5,38,2095545
9,OUTPUT_ACCEPT,5,39,2326194
9,OUTPUT_ACCEPT,5,40,2575221
9,OUTPUT_ACCEPT,5,41,2843574
9,OUTPUT_ACCEPT,5,42,3132225
9,OUTPUT_ACCEPT,5,43,3442170
9,OUTPUT_ACCEPT,5,44,3774429
9,OUTPUT_ACCEPT,5,45,4130046
9,OUTPUT_ACCEPT,5,46,4510089
9,OUTPUT_ACCEPT,5,47,4915650
9,OUTPUT_ACCEPT,5,48,5347845
9,OUTPUT_ACCEPT,5,49,5807814
9,OUTPUT_ACCEPT,5,50,6296721
9,OUTPUT_ACCEPT,5,51,6815754
9,OUTPUT_ACCEPT,5,52,7366125
9,OUTPUT_ACCEPT,5,53,7949070
9,OUTPUT_ACCEPT,5,54,8565849
9,OUTPUT_ACCEPT,5,55,9217746
9,OUTPUT_ACCEPT,5,56,9906069
9,OUTPUT_ACCEPT,5,57,10632150
9,OUTPUT_ACCEPT,5,58,11397345
9,OUTPUT_ACCEPT,5,59,12203034
9,OUTPUT_ACCEPT,5,60,13050621
9,OUTPUT_ACCEPT,5,61,13941534
9,OUTPUT_ACCEPT,5,62,14877225
9,OUTPUT_ACCEPT,5,63,15859170
10,INPUT_ACCEPT,6,-1,0
11,OUTPUT_ACCEPT,6,0,19116
11,OUTPUT_ACCEPT,6,1,16275
11,OUTPUT_ACCEPT,6,2,13524
11,OUTPUT_ACCEPT,6,3,10899
11,OUTPUT_ACCEPT,6,4,8460
11,OUTPUT_ACCEPT,6,5,6291
11,OUTPUT_ACCEPT,6,6,4500
11,OUTPUT_ACCEPT,6,7,3219
11,OUTPUT_ACCEPT,6,8,2604
11,OUTPUT_ACCEPT,6,9,2835
11,OUTPUT_ACCEPT,6,10,4116
11,OUTPUT_ACCEPT,6,11,6675
11,OUTPUT_ACCEPT,6,12,10764
11,OUTPUT_ACCEPT,6,13,16659
11,OUTPUT_ACCEPT,6,14,24660
11,OUTPUT_ACCEPT,6,15,35091
11,OUTPUT_ACCEPT,6,16,48300
11,OUTPUT_ACCEPT,6,17,64659
11,OUTPUT_ACCEPT,6,18,84564
11,OUTPUT_ACCEPT,6,19,108435
11,OUTPUT_ACCEPT,6,20,136716
11,OUTPUT_ACCEPT,6,21,169875
11,OUTPUT_ACCEPT,6,22,208404
11,OUTPUT_ACCEPT,6,23,252819
11,OUTPUT_ACCEPT,6,24,303660
11,OUTPUT_ACCEPT,6,25,361491
11,OUTPUT_ACCEPT,6,26,426900
11,OUTPUT_ACCEPT,6,27,500499
11,OUTPUT_ACCEPT,6,28,582924
11,OUTPUT_ACCEPT,6,29,674835
11,OUTPUT_ACCEPT,6,30,776916
11,OUTPUT_ACCEPT,6,31,889875
11,OUTPUT_ACCEPT,6,32,1014444
11,OUTPUT_ACCEPT,6,33,1151379
11,OUTPUT_ACCEPT,6,34,1301460
11,OUTPUT_ACCEPT,6,35,1465491
11,OUTPUT_ACCEPT,6,36,1644300
11,OUTPUT_ACCEPT,6,37,1838739
11,OUTPUT_ACCEPT,6,38,2049684
11,OUTPUT_ACCEPT,6,39,2278035
11,OUTPUT_ACCEPT,6,40,2524716
11,OUTPUT_ACCEPT,6,41,2790675
11,OUTPUT_ACCEPT,6,42,3076884
11,OUTPUT_ACCEPT,6,43,3384339
11,OUTPUT_ACCEPT,6,44,3714060
11,OUTPUT_ACCEPT,6,45,4067091
11,OUTPUT_ACCEPT,6,46,4444500
11,OUTPUT_ACCEPT,6,47,4847379
11,OUTPUT_ACCEPT,6,48,5276844
11,OUTPUT_ACCEPT,6,49,5734035
11,OUTPUT_ACCEPT,6,50,6220116
11,OUTPUT_ACCEPT,6,51,6736275
11,OUTPUT_ACCEPT,6,52,7283724
11,OUTPUT_ACCEPT,6,53,7863699
11,OUTPUT_ACCEPT,6,54,8477460
11,OUTPUT_ACCEPT,6,55,9126291
11,OUTPUT_ACCEPT,6,56,9811500
11,OUTPUT_ACCEPT,6,57,10534419
11,OUTPUT_ACCEPT,6,58,11296404
11,OUTPUT_ACCEPT,6,59,12098835
11,OUTPUT_ACCEPT,6,60,12943116
11,OUTPUT_ACCEPT,6,61,13830675
11,OUTPUT_ACCEPT,6,62,14762964
11,OUTPUT_ACCEPT,6,63,15741459
