cycle,event,n,partition,chunk,value
3,INPUT_ACCEPT,0,0,0,0
4,INPUT_ACCEPT,0,0,1,0
4,UNPACK_ACCEPT,0,0,0,0
5,INPUT_ACCEPT,0,0,2,0
5,UNPACK_ACCEPT,0,0,1,0
6,INPUT_ACCEPT,0,1,0,0
6,UNPACK_ACCEPT,0,0,2,0
6,COMPUTE_ACCEPT,0,0,0,8
7,INPUT_ACCEPT,0,1,1,0
7,UNPACK_ACCEPT,0,1,0,0
7,COMPUTE_ACCEPT,0,0,1,-5
8,INPUT_ACCEPT,0,1,2,0
8,UNPACK_ACCEPT,0,1,1,0
8,COMPUTE_ACCEPT,0,0,2,-5
8,PARTIAL_PUSH,0,0,2,-2
9,INPUT_ACCEPT,1,0,0,0
9,UNPACK_ACCEPT,0,1,2,0
9,COMPUTE_ACCEPT,0,1,0,1
10,INPUT_ACCEPT,1,0,1,0
10,UNPACK_ACCEPT,1,0,0,0
10,COMPUTE_ACCEPT,0,1,1,6
11,INPUT_ACCEPT,1,0,2,0
11,UNPACK_ACCEPT,1,0,1,0
11,COMPUTE_ACCEPT,0,1,2,-4
11,PARTIAL_PUSH,0,1,2,3
12,INPUT_ACCEPT,1,1,0,0
12,UNPACK_ACCEPT,1,0,2,0
12,COMPUTE_ACCEPT,1,0,0,2
13,INPUT_ACCEPT,1,1,1,0
13,UNPACK_ACCEPT,1,1,0,0
13,COMPUTE_ACCEPT,1,0,1,-1
13,OUTPUT_ACCEPT,0,1,2,1
14,INPUT_ACCEPT,1,1,2,0
14,UNPACK_ACCEPT,1,1,1,0
14,COMPUTE_ACCEPT,1,0,2,2
14,PARTIAL_PUSH,1,0,2,3
15,INPUT_ACCEPT,2,0,0,0
15,UNPACK_ACCEPT,1,1,2,0
15,COMPUTE_ACCEPT,1,1,0,-3
16,INPUT_ACCEPT,2,0,1,0
16,UNPACK_ACCEPT,2,0,0,0
16,COMPUTE_ACCEPT,1,1,1,-9
17,INPUT_ACCEPT,2,0,2,0
17,UNPACK_ACCEPT,2,0,1,0
17,COMPUTE_ACCEPT,1,1,2,4
17,PARTIAL_PUSH,1,1,2,-8
18,INPUT_ACCEPT,2,1,0,0
18,UNPACK_ACCEPT,2,0,2,0
18,COMPUTE_ACCEPT,2,0,0,-4
19,INPUT_ACCEPT,2,1,1,0
19,UNPACK_ACCEPT,2,1,0,0
19,COMPUTE_ACCEPT,2,0,1,-4
19,OUTPUT_ACCEPT,1,1,2,-5
20,INPUT_ACCEPT,2,1,2,0
20,UNPACK_ACCEPT,2,1,1,0
20,COMPUTE_ACCEPT,2,0,2,-5
20,PARTIAL_PUSH,2,0,2,-13
21,INPUT_ACCEPT,3,0,0,0
21,UNPACK_ACCEPT,2,1,2,0
21,COMPUTE_ACCEPT,2,1,0,14
22,INPUT_ACCEPT,3,0,1,0
22,UNPACK_ACCEPT,3,0,0,0
22,COMPUTE_ACCEPT,2,1,1,4
23,INPUT_ACCEPT,3,0,2,0
23,UNPACK_ACCEPT,3,0,1,0
23,COMPUTE_ACCEPT,2,1,2,-9
23,PARTIAL_PUSH,2,1,2,9
24,INPUT_ACCEPT,3,1,0,0
24,UNPACK_ACCEPT,3,0,2,0
24,COMPUTE_ACCEPT,3,0,0,4
25,INPUT_ACCEPT,3,1,1,0
25,UNPACK_ACCEPT,3,1,0,0
25,COMPUTE_ACCEPT,3,0,1,14
26,INPUT_ACCEPT,3,1,2,0
26,UNPACK_ACCEPT,3,1,1,0
26,COMPUTE_ACCEPT,3,0,2,-5
26,PARTIAL_PUSH,3,0,2,13
26,OUTPUT_ACCEPT,2,1,2,-4
27,UNPACK_ACCEPT,3,1,2,0
27,COMPUTE_ACCEPT,3,1,0,-4
28,COMPUTE_ACCEPT,3,1,1,-4
29,COMPUTE_ACCEPT,3,1,2,6
29,PARTIAL_PUSH,3,1,2,-2
31,OUTPUT_ACCEPT,3,1,2,11
