cycle,event,tag,lane,dot,distance
0,INPUT_ACCEPT,0,-1,0,0
1,OUTPUT_ACCEPT,0,0,17990,0
1,OUTPUT_ACCEPT,0,1,19346,0
1,OUTPUT_ACCEPT,0,2,20086,0
1,OUTPUT_ACCEPT,0,3,20210,0
1,OUTPUT_ACCEPT,0,4,1030,0
1,OUTPUT_ACCEPT,0,5,1714,0
1,OUTPUT_ACCEPT,0,6,-8458,0
1,OUTPUT_ACCEPT,0,7,-7214,0
1,OUTPUT_ACCEPT,0,8,-8378,0
1,OUTPUT_ACCEPT,0,9,-6574,0
1,OUTPUT_ACCEPT,0,10,1270,0
1,OUTPUT_ACCEPT,0,11,3634,0
1,OUTPUT_ACCEPT,0,12,5382,0
1,OUTPUT_ACCEPT,0,13,6514,0
1,OUTPUT_ACCEPT,0,14,7030,0
1,OUTPUT_ACCEPT,0,15,6930,0
1,OUTPUT_ACCEPT,0,16,6214,0
1,OUTPUT_ACCEPT,0,17,4882,0
1,OUTPUT_ACCEPT,0,18,2934,0
1,OUTPUT_ACCEPT,0,19,370,0
1,OUTPUT_ACCEPT,0,20,-2810,0
1,OUTPUT_ACCEPT,0,21,-6606,0
1,OUTPUT_ACCEPT,0,22,-11018,0
1,OUTPUT_ACCEPT,0,23,-16046,0
1,OUTPUT_ACCEPT,0,24,-21690,0
1,OUTPUT_ACCEPT,0,25,-17966,0
1,OUTPUT_ACCEPT,0,26,-22026,0
1,OUTPUT_ACCEPT,0,27,-4174,0
1,OUTPUT_ACCEPT,0,28,16646,0
1,OUTPUT_ACCEPT,0,29,46322,0
1,OUTPUT_ACCEPT,0,30,16502,0
1,OUTPUT_ACCEPT,0,31,18578,0
1,OUTPUT_ACCEPT,0,32,-4282,0
1,OUTPUT_ACCEPT,0,33,-17006,0
1,OUTPUT_ACCEPT,0,34,-28042,0
1,OUTPUT_ACCEPT,0,35,-22030,0
1,OUTPUT_ACCEPT,0,36,-16634,0
1,OUTPUT_ACCEPT,0,37,-11854,0
1,OUTPUT_ACCEPT,0,38,-7690,0
1,OUTPUT_ACCEPT,0,39,-4142,0
1,OUTPUT_ACCEPT,0,40,-1210,0
1,OUTPUT_ACCEPT,0,41,1106,0
1,OUTPUT_ACCEPT,0,42,2806,0
1,OUTPUT_ACCEPT,0,43,3890,0
1,OUTPUT_ACCEPT,0,44,4358,0
1,OUTPUT_ACCEPT,0,45,4210,0
1,OUTPUT_ACCEPT,0,46,3446,0
1,OUTPUT_ACCEPT,0,47,2066,0
1,OUTPUT_ACCEPT,0,48,70,0
1,OUTPUT_ACCEPT,0,49,-2542,0
1,OUTPUT_ACCEPT,0,50,-5770,0
1,OUTPUT_ACCEPT,0,51,-9614,0
1,OUTPUT_ACCEPT,0,52,-12282,0
1,OUTPUT_ACCEPT,0,53,-7118,0
1,OUTPUT_ACCEPT,0,54,-9226,0
1,OUTPUT_ACCEPT,0,55,4946,0
1,OUTPUT_ACCEPT,0,56,3398,0
1,OUTPUT_ACCEPT,0,57,26578,0
1,OUTPUT_ACCEPT,0,58,25590,0
1,OUTPUT_ACCEPT,0,59,23986,0
1,OUTPUT_ACCEPT,0,60,21766,0
1,OUTPUT_ACCEPT,0,61,18930,0
1,OUTPUT_ACCEPT,0,62,-1418,0
1,OUTPUT_ACCEPT,0,63,-2670,0
2,INPUT_ACCEPT,1,-1,0,0
3,INPUT_ACCEPT,2,-1,0,0
3,OUTPUT_ACCEPT,1,0,5564,467
3,OUTPUT_ACCEPT,1,1,4962,117
3,OUTPUT_ACCEPT,1,2,4354,11
3,OUTPUT_ACCEPT,1,3,3740,149
3,OUTPUT_ACCEPT,1,4,3120,531
3,OUTPUT_ACCEPT,1,5,2494,1157
3,OUTPUT_ACCEPT,1,6,1862,2027
3,OUTPUT_ACCEPT,1,7,1224,3141
3,OUTPUT_ACCEPT,1,8,580,4499
3,OUTPUT_ACCEPT,1,9,-70,6101
3,OUTPUT_ACCEPT,1,10,-726,7947
3,OUTPUT_ACCEPT,1,11,-1388,10037
3,OUTPUT_ACCEPT,1,12,-2056,12371
3,OUTPUT_ACCEPT,1,13,-2730,14949
3,OUTPUT_ACCEPT,1,14,-3410,17771
3,OUTPUT_ACCEPT,1,15,-4096,20837
3,OUTPUT_ACCEPT,1,16,-4788,24147
3,OUTPUT_ACCEPT,1,17,-5486,27701
3,OUTPUT_ACCEPT,1,18,-6190,31499
3,OUTPUT_ACCEPT,1,19,-6900,35541
3,OUTPUT_ACCEPT,1,20,-7616,39827
3,OUTPUT_ACCEPT,1,21,1390,22853
3,OUTPUT_ACCEPT,1,22,662,23019
3,OUTPUT_ACCEPT,1,23,-72,23429
3,OUTPUT_ACCEPT,1,24,-812,24083
3,OUTPUT_ACCEPT,1,25,-1558,24981
3,OUTPUT_ACCEPT,1,26,-2310,26123
3,OUTPUT_ACCEPT,1,27,-3068,27509
3,OUTPUT_ACCEPT,1,28,-3832,29139
3,OUTPUT_ACCEPT,1,29,-4602,31013
3,OUTPUT_ACCEPT,1,30,-5378,33131
3,OUTPUT_ACCEPT,1,31,-6160,35493
3,OUTPUT_ACCEPT,1,32,-6948,38099
3,OUTPUT_ACCEPT,1,33,-7742,40949
3,OUTPUT_ACCEPT,1,34,-8542,44043
3,OUTPUT_ACCEPT,1,35,-9348,47381
3,OUTPUT_ACCEPT,1,36,-10160,50963
3,OUTPUT_ACCEPT,1,37,-10978,54789
3,OUTPUT_ACCEPT,1,38,-11802,58859
3,OUTPUT_ACCEPT,1,39,1192,33477
3,OUTPUT_ACCEPT,1,40,356,35475
3,OUTPUT_ACCEPT,1,41,-486,37717
3,OUTPUT_ACCEPT,1,42,-1334,40203
3,OUTPUT_ACCEPT,1,43,-2188,42933
3,OUTPUT_ACCEPT,1,44,7192,23891
3,OUTPUT_ACCEPT,1,45,6582,25061
3,OUTPUT_ACCEPT,1,46,5966,26475
3,OUTPUT_ACCEPT,1,47,5344,28133
3,OUTPUT_ACCEPT,1,48,4716,30035
3,OUTPUT_ACCEPT,1,49,13810,12725
3,OUTPUT_ACCEPT,1,50,13170,10507
3,OUTPUT_ACCEPT,1,51,12524,8533
3,OUTPUT_ACCEPT,1,52,11872,6803
3,OUTPUT_ACCEPT,1,53,11214,5317
3,OUTPUT_ACCEPT,1,54,10550,4075
3,OUTPUT_ACCEPT,1,55,9880,3077
3,OUTPUT_ACCEPT,1,56,9204,2323
3,OUTPUT_ACCEPT,1,57,8522,1813
3,OUTPUT_ACCEPT,1,58,7834,1547
3,OUTPUT_ACCEPT,1,59,7140,1525
3,OUTPUT_ACCEPT,1,60,6440,1747
3,OUTPUT_ACCEPT,1,61,5734,2213
3,OUTPUT_ACCEPT,1,62,5022,2923
3,OUTPUT_ACCEPT,1,63,4304,3877
4,INPUT_ACCEPT,3,-1,0,0
4,OUTPUT_ACCEPT,2,0,10462,0
4,OUTPUT_ACCEPT,2,1,10954,0
4,OUTPUT_ACCEPT,2,2,10830,0
4,OUTPUT_ACCEPT,2,3,10090,0
4,OUTPUT_ACCEPT,2,4,8734,0
4,OUTPUT_ACCEPT,2,5,-3478,0
4,OUTPUT_ACCEPT,2,6,-4274,0
4,OUTPUT_ACCEPT,2,7,-7478,0
4,OUTPUT_ACCEPT,2,8,-7714,0
4,OUTPUT_ACCEPT,2,9,-1910,0
4,OUTPUT_ACCEPT,2,10,-1586,0
4,OUTPUT_ACCEPT,2,11,13226,0
4,OUTPUT_ACCEPT,2,12,14110,0
4,OUTPUT_ACCEPT,2,13,14378,0
4,OUTPUT_ACCEPT,2,14,14030,0
4,OUTPUT_ACCEPT,2,15,13066,0
4,OUTPUT_ACCEPT,2,16,11486,0
4,OUTPUT_ACCEPT,2,17,9290,0
4,OUTPUT_ACCEPT,2,18,6478,0
4,OUTPUT_ACCEPT,2,19,3050,0
4,OUTPUT_ACCEPT,2,20,-994,0
4,OUTPUT_ACCEPT,2,21,-9494,0
4,OUTPUT_ACCEPT,2,22,-11954,0
4,OUTPUT_ACCEPT,2,23,-15030,0
4,OUTPUT_ACCEPT,2,24,-8226,0
4,OUTPUT_ACCEPT,2,25,-9718,0
4,OUTPUT_ACCEPT,2,26,-11826,0
4,OUTPUT_ACCEPT,2,27,10282,0
4,OUTPUT_ACCEPT,2,28,40734,0
4,OUTPUT_ACCEPT,2,29,12202,0
4,OUTPUT_ACCEPT,2,30,-11058,0
4,OUTPUT_ACCEPT,2,31,-7030,0
4,OUTPUT_ACCEPT,2,32,-21282,0
4,OUTPUT_ACCEPT,2,33,-16694,0
4,OUTPUT_ACCEPT,2,34,-12722,0
4,OUTPUT_ACCEPT,2,35,-16790,0
4,OUTPUT_ACCEPT,2,36,-12258,0
4,OUTPUT_ACCEPT,2,37,-8342,0
4,OUTPUT_ACCEPT,2,38,-5042,0
4,OUTPUT_ACCEPT,2,39,-2358,0
4,OUTPUT_ACCEPT,2,40,-290,0
4,OUTPUT_ACCEPT,2,41,1162,0
4,OUTPUT_ACCEPT,2,42,1998,0
4,OUTPUT_ACCEPT,2,43,2218,0
4,OUTPUT_ACCEPT,2,44,1822,0
4,OUTPUT_ACCEPT,2,45,810,0
4,OUTPUT_ACCEPT,2,46,-818,0
4,OUTPUT_ACCEPT,2,47,-3062,0
4,OUTPUT_ACCEPT,2,48,-5922,0
4,OUTPUT_ACCEPT,2,49,-9398,0
4,OUTPUT_ACCEPT,2,50,-13490,0
4,OUTPUT_ACCEPT,2,51,-18198,0
4,OUTPUT_ACCEPT,2,52,-15074,0
4,OUTPUT_ACCEPT,2,53,-19222,0
4,OUTPUT_ACCEPT,2,54,-7090,0
4,OUTPUT_ACCEPT,2,55,-10678,0
4,OUTPUT_ACCEPT,2,56,10462,0
4,OUTPUT_ACCEPT,2,57,7434,0
4,OUTPUT_ACCEPT,2,58,6862,0
4,OUTPUT_ACCEPT,2,59,7210,0
4,OUTPUT_ACCEPT,2,60,6942,0
4,OUTPUT_ACCEPT,2,61,-10326,0
4,OUTPUT_ACCEPT,2,62,-9010,0
4,OUTPUT_ACCEPT,2,63,-13174,0
5,OUTPUT_ACCEPT,3,0,3396,2435
5,OUTPUT_ACCEPT,3,1,3088,1469
5,OUTPUT_ACCEPT,3,2,2774,747
5,OUTPUT_ACCEPT,3,3,2454,269
5,OUTPUT_ACCEPT,3,4,2128,35
5,OUTPUT_ACCEPT,3,5,1796,45
5,OUTPUT_ACCEPT,3,6,1458,299
5,OUTPUT_ACCEPT,3,7,1114,797
5,OUTPUT_ACCEPT,3,8,764,1539
5,OUTPUT_ACCEPT,3,9,408,2525
5,OUTPUT_ACCEPT,3,10,46,3755
5,OUTPUT_ACCEPT,3,11,-322,5229
5,OUTPUT_ACCEPT,3,12,-696,6947
5,OUTPUT_ACCEPT,3,13,-1076,8909
5,OUTPUT_ACCEPT,3,14,-1462,11115
5,OUTPUT_ACCEPT,3,15,-1854,13565
5,OUTPUT_ACCEPT,3,16,-2252,16259
5,OUTPUT_ACCEPT,3,17,-2656,19197
5,OUTPUT_ACCEPT,3,18,-3066,22379
5,OUTPUT_ACCEPT,3,19,-3482,25805
5,OUTPUT_ACCEPT,3,20,-3904,29475
5,OUTPUT_ACCEPT,3,21,-236,23149
5,OUTPUT_ACCEPT,3,22,-670,22699
5,OUTPUT_ACCEPT,3,23,-1110,22493
5,OUTPUT_ACCEPT,3,24,-1556,22531
5,OUTPUT_ACCEPT,3,25,-2008,22813
5,OUTPUT_ACCEPT,3,26,-2466,23339
5,OUTPUT_ACCEPT,3,27,-2930,24109
5,OUTPUT_ACCEPT,3,28,-3400,25123
5,OUTPUT_ACCEPT,3,29,-3876,26381
5,OUTPUT_ACCEPT,3,30,-4358,27883
5,OUTPUT_ACCEPT,3,31,-4846,29629
5,OUTPUT_ACCEPT,3,32,-5340,31619
5,OUTPUT_ACCEPT,3,33,-5840,33853
5,OUTPUT_ACCEPT,3,34,-6346,36331
5,OUTPUT_ACCEPT,3,35,-6858,39053
5,OUTPUT_ACCEPT,3,36,-7376,42019
5,OUTPUT_ACCEPT,3,37,-7900,45229
5,OUTPUT_ACCEPT,3,38,-8430,48683
5,OUTPUT_ACCEPT,3,39,1274,29853
5,OUTPUT_ACCEPT,3,40,732,31235
5,OUTPUT_ACCEPT,3,41,184,32861
5,OUTPUT_ACCEPT,3,42,-370,34731
5,OUTPUT_ACCEPT,3,43,-930,36845
5,OUTPUT_ACCEPT,3,44,6696,22307
5,OUTPUT_ACCEPT,3,45,6380,22861
5,OUTPUT_ACCEPT,3,46,6058,23659
5,OUTPUT_ACCEPT,3,47,5730,24701
5,OUTPUT_ACCEPT,3,48,5396,25987
5,OUTPUT_ACCEPT,3,49,9152,19325
5,OUTPUT_ACCEPT,3,50,8806,16491
5,OUTPUT_ACCEPT,3,51,8454,13901
5,OUTPUT_ACCEPT,3,52,8096,11555
5,OUTPUT_ACCEPT,3,53,7732,9453
5,OUTPUT_ACCEPT,3,54,7362,7595
5,OUTPUT_ACCEPT,3,55,6986,5981
5,OUTPUT_ACCEPT,3,56,6604,4611
5,OUTPUT_ACCEPT,3,57,6216,3485
5,OUTPUT_ACCEPT,3,58,5822,2603
5,OUTPUT_ACCEPT,3,59,5422,1965
5,OUTPUT_ACCEPT,3,60,5016,1571
5,OUTPUT_ACCEPT,3,61,4604,1421
5,OUTPUT_ACCEPT,3,62,4186,1515
5,OUTPUT_ACCEPT,3,63,3762,1853
6,INPUT_ACCEPT,4,-1,0,0
8,INPUT_ACCEPT,5,-1,0,0
8,OUTPUT_ACCEPT,4,0,5014,0
8,OUTPUT_ACCEPT,4,1,4642,0
8,OUTPUT_ACCEPT,4,2,3654,0
8,OUTPUT_ACCEPT,4,3,2050,0
8,OUTPUT_ACCEPT,4,4,-170,0
8,OUTPUT_ACCEPT,4,5,-3006,0
8,OUTPUT_ACCEPT,4,6,-8250,0
8,OUTPUT_ACCEPT,4,7,-10526,0
8,OUTPUT_ACCEPT,4,8,-6762,0
8,OUTPUT_ACCEPT,4,9,-8478,0
8,OUTPUT_ACCEPT,4,10,4294,0
8,OUTPUT_ACCEPT,4,11,3138,0
8,OUTPUT_ACCEPT,4,12,24918,0
8,OUTPUT_ACCEPT,4,13,24322,0
8,OUTPUT_ACCEPT,4,14,23110,0
8,OUTPUT_ACCEPT,4,15,21282,0
8,OUTPUT_ACCEPT,4,16,18838,0
8,OUTPUT_ACCEPT,4,17,15778,0
8,OUTPUT_ACCEPT,4,18,-2746,0
8,OUTPUT_ACCEPT,4,19,-4222,0
8,OUTPUT_ACCEPT,4,20,-9642,0
8,OUTPUT_ACCEPT,4,21,-9534,0
8,OUTPUT_ACCEPT,4,22,-10042,0
8,OUTPUT_ACCEPT,4,23,-158,0
8,OUTPUT_ACCEPT,4,24,918,0
8,OUTPUT_ACCEPT,4,25,1378,0
8,OUTPUT_ACCEPT,4,26,26566,0
8,OUTPUT_ACCEPT,4,27,28610,0
8,OUTPUT_ACCEPT,4,28,30038,0
8,OUTPUT_ACCEPT,4,29,4738,0
8,OUTPUT_ACCEPT,4,30,6726,0
8,OUTPUT_ACCEPT,4,31,-9566,0
8,OUTPUT_ACCEPT,4,32,-7018,0
8,OUTPUT_ACCEPT,4,33,-14302,0
8,OUTPUT_ACCEPT,4,34,-11194,0
8,OUTPUT_ACCEPT,4,35,-9470,0
8,OUTPUT_ACCEPT,4,36,-5802,0
8,OUTPUT_ACCEPT,4,37,-2750,0
8,OUTPUT_ACCEPT,4,38,-314,0
8,OUTPUT_ACCEPT,4,39,1506,0
8,OUTPUT_ACCEPT,4,40,2710,0
8,OUTPUT_ACCEPT,4,41,3298,0
8,OUTPUT_ACCEPT,4,42,3270,0
8,OUTPUT_ACCEPT,4,43,2626,0
8,OUTPUT_ACCEPT,4,44,1366,0
8,OUTPUT_ACCEPT,4,45,-510,0
8,OUTPUT_ACCEPT,4,46,-3002,0
8,OUTPUT_ACCEPT,4,47,-6110,0
8,OUTPUT_ACCEPT,4,48,-9834,0
8,OUTPUT_ACCEPT,4,49,-14174,0
8,OUTPUT_ACCEPT,4,50,-19130,0
8,OUTPUT_ACCEPT,4,51,-24702,0
8,OUTPUT_ACCEPT,4,52,-15786,0
8,OUTPUT_ACCEPT,4,53,-20798,0
8,OUTPUT_ACCEPT,4,54,-5434,0
8,OUTPUT_ACCEPT,4,55,16482,0
8,OUTPUT_ACCEPT,4,56,14230,0
8,OUTPUT_ACCEPT,4,57,14946,0
8,OUTPUT_ACCEPT,4,58,16070,0
8,OUTPUT_ACCEPT,4,59,-6718,0
8,OUTPUT_ACCEPT,4,60,-20906,0
8,OUTPUT_ACCEPT,4,61,-17022,0
8,OUTPUT_ACCEPT,4,62,-18106,0
8,OUTPUT_ACCEPT,4,63,-12638,0
9,OUTPUT_ACCEPT,5,0,1196,5963
9,OUTPUT_ACCEPT,5,1,1182,4381
9,OUTPUT_ACCEPT,5,2,1162,3043
9,OUTPUT_ACCEPT,5,3,1136,1949
9,OUTPUT_ACCEPT,5,4,1104,1099
9,OUTPUT_ACCEPT,5,5,1066,493
9,OUTPUT_ACCEPT,5,6,1022,131
9,OUTPUT_ACCEPT,5,7,972,13
9,OUTPUT_ACCEPT,5,8,916,139
9,OUTPUT_ACCEPT,5,9,854,509
9,OUTPUT_ACCEPT,5,10,786,1123
9,OUTPUT_ACCEPT,5,11,712,1981
9,OUTPUT_ACCEPT,5,12,632,3083
9,OUTPUT_ACCEPT,5,13,546,4429
9,OUTPUT_ACCEPT,5,14,454,6019
9,OUTPUT_ACCEPT,5,15,356,7853
9,OUTPUT_ACCEPT,5,16,252,9931
9,OUTPUT_ACCEPT,5,17,142,12253
9,OUTPUT_ACCEPT,5,18,26,14819
9,OUTPUT_ACCEPT,5,19,-96,17629
9,OUTPUT_ACCEPT,5,20,-224,20683
9,OUTPUT_ACCEPT,5,21,-1894,25005
9,OUTPUT_ACCEPT,5,22,-2034,23939
9,OUTPUT_ACCEPT,5,23,-2180,23117
9,OUTPUT_ACCEPT,5,24,-2332,22539
9,OUTPUT_ACCEPT,5,25,-2490,22205
9,OUTPUT_ACCEPT,5,26,-2654,22115
9,OUTPUT_ACCEPT,5,27,-2824,22269
9,OUTPUT_ACCEPT,5,28,-3000,22667
9,OUTPUT_ACCEPT,5,29,-3182,23309
9,OUTPUT_ACCEPT,5,30,-3370,24195
9,OUTPUT_ACCEPT,5,31,-3564,25325
9,OUTPUT_ACCEPT,5,32,-3764,26699
9,OUTPUT_ACCEPT,5,33,-3970,28317
9,OUTPUT_ACCEPT,5,34,-4182,30179
9,OUTPUT_ACCEPT,5,35,-4400,32285
9,OUTPUT_ACCEPT,5,36,-4624,34635
9,OUTPUT_ACCEPT,5,37,-4854,37229
9,OUTPUT_ACCEPT,5,38,-5090,40067
9,OUTPUT_ACCEPT,5,39,1324,27789
9,OUTPUT_ACCEPT,5,40,1076,28555
9,OUTPUT_ACCEPT,5,41,822,29565
9,OUTPUT_ACCEPT,5,42,562,30819
9,OUTPUT_ACCEPT,5,43,296,32317
9,OUTPUT_ACCEPT,5,44,24,34059
9,OUTPUT_ACCEPT,5,45,6146,22221
9,OUTPUT_ACCEPT,5,46,6118,22403
9,OUTPUT_ACCEPT,5,47,6084,22829
9,OUTPUT_ACCEPT,5,48,6044,23499
9,OUTPUT_ACCEPT,5,49,4462,27485
9,OUTPUT_ACCEPT,5,50,4410,24035
9,OUTPUT_ACCEPT,5,51,4352,20829
9,OUTPUT_ACCEPT,5,52,4288,17867
9,OUTPUT_ACCEPT,5,53,4218,15149
9,OUTPUT_ACCEPT,5,54,4142,12675
9,OUTPUT_ACCEPT,5,55,4060,10445
9,OUTPUT_ACCEPT,5,56,3972,8459
9,OUTPUT_ACCEPT,5,57,3878,6717
9,OUTPUT_ACCEPT,5,58,3778,5219
9,OUTPUT_ACCEPT,5,59,3672,3965
9,OUTPUT_ACCEPT,5,60,3560,2955
9,OUTPUT_ACCEPT,5,61,3442,2189
9,OUTPUT_ACCEPT,5,62,3318,1667
9,OUTPUT_ACCEPT,5,63,3188,1389
10,INPUT_ACCEPT,6,-1,0,0
11,INPUT_ACCEPT,7,-1,0,0
11,OUTPUT_ACCEPT,6,0,1646,0
11,OUTPUT_ACCEPT,6,1,410,0
11,OUTPUT_ACCEPT,6,2,-1442,0
11,OUTPUT_ACCEPT,6,3,-3910,0
11,OUTPUT_ACCEPT,6,4,-6994,0
11,OUTPUT_ACCEPT,6,5,-10694,0
11,OUTPUT_ACCEPT,6,6,-15010,0
11,OUTPUT_ACCEPT,6,7,-13286,0
11,OUTPUT_ACCEPT,6,8,-17042,0
11,OUTPUT_ACCEPT,6,9,-6310,0
11,OUTPUT_ACCEPT,6,10,-9506,0
11,OUTPUT_ACCEPT,6,11,10234,0
11,OUTPUT_ACCEPT,6,12,7598,0
11,OUTPUT_ACCEPT,6,13,36346,0
11,OUTPUT_ACCEPT,6,14,5598,0
11,OUTPUT_ACCEPT,6,15,5722,0
11,OUTPUT_ACCEPT,6,16,5230,0
11,OUTPUT_ACCEPT,6,17,-10214,0
11,OUTPUT_ACCEPT,6,18,-9122,0
11,OUTPUT_ACCEPT,6,19,-11462,0
11,OUTPUT_ACCEPT,6,20,-8786,0
11,OUTPUT_ACCEPT,6,21,-6726,0
11,OUTPUT_ACCEPT,6,22,6238,0
11,OUTPUT_ACCEPT,6,23,9882,0
11,OUTPUT_ACCEPT,6,24,12910,0
11,OUTPUT_ACCEPT,6,25,15322,0
11,OUTPUT_ACCEPT,6,26,17118,0
11,OUTPUT_ACCEPT,6,27,18298,0
11,OUTPUT_ACCEPT,6,28,18862,0
11,OUTPUT_ACCEPT,6,29,18810,0
11,OUTPUT_ACCEPT,6,30,478,0
11,OUTPUT_ACCEPT,6,31,986,0
11,OUTPUT_ACCEPT,6,32,-8338,0
11,OUTPUT_ACCEPT,6,33,-7270,0
11,OUTPUT_ACCEPT,6,34,-7586,0
11,OUTPUT_ACCEPT,6,35,-5958,0
11,OUTPUT_ACCEPT,6,36,2734,0
11,OUTPUT_ACCEPT,6,37,4922,0
11,OUTPUT_ACCEPT,6,38,6494,0
11,OUTPUT_ACCEPT,6,39,7450,0
11,OUTPUT_ACCEPT,6,40,7790,0
11,OUTPUT_ACCEPT,6,41,7514,0
11,OUTPUT_ACCEPT,6,42,6622,0
11,OUTPUT_ACCEPT,6,43,5114,0
11,OUTPUT_ACCEPT,6,44,2990,0
11,OUTPUT_ACCEPT,6,45,250,0
11,OUTPUT_ACCEPT,6,46,-3106,0
11,OUTPUT_ACCEPT,6,47,-7078,0
11,OUTPUT_ACCEPT,6,48,-11666,0
11,OUTPUT_ACCEPT,6,49,-16870,0
11,OUTPUT_ACCEPT,6,50,-15522,0
11,OUTPUT_ACCEPT,6,51,-19142,0
11,OUTPUT_ACCEPT,6,52,-23378,0
11,OUTPUT_ACCEPT,6,53,16826,0
11,OUTPUT_ACCEPT,6,54,15966,0
11,OUTPUT_ACCEPT,6,55,46490,0
11,OUTPUT_ACCEPT,6,56,16494,0
11,OUTPUT_ACCEPT,6,57,18394,0
11,OUTPUT_ACCEPT,6,58,-3618,0
11,OUTPUT_ACCEPT,6,59,-16518,0
11,OUTPUT_ACCEPT,6,60,-26706,0
11,OUTPUT_ACCEPT,6,61,-20870,0
11,OUTPUT_ACCEPT,6,62,-15650,0
11,OUTPUT_ACCEPT,6,63,-11046,0
13,OUTPUT_ACCEPT,7,0,-1036,11051
13,OUTPUT_ACCEPT,7,1,-756,8853
13,OUTPUT_ACCEPT,7,2,-482,6899
13,OUTPUT_ACCEPT,7,3,-214,5189
13,OUTPUT_ACCEPT,7,4,48,3723
13,OUTPUT_ACCEPT,7,5,304,2501
13,OUTPUT_ACCEPT,7,6,554,1523
13,OUTPUT_ACCEPT,7,7,798,789
13,OUTPUT_ACCEPT,7,8,1036,299
13,OUTPUT_ACCEPT,7,9,1268,53
13,OUTPUT_ACCEPT,7,10,1494,51
13,OUTPUT_ACCEPT,7,11,1714,293
13,OUTPUT_ACCEPT,7,12,1928,779
13,OUTPUT_ACCEPT,7,13,2136,1509
13,OUTPUT_ACCEPT,7,14,2338,2483
13,OUTPUT_ACCEPT,7,15,2534,3701
13,OUTPUT_ACCEPT,7,16,2724,5163
13,OUTPUT_ACCEPT,7,17,2908,6869
13,OUTPUT_ACCEPT,7,18,3086,8819
13,OUTPUT_ACCEPT,7,19,3258,11013
13,OUTPUT_ACCEPT,7,20,3424,13451
13,OUTPUT_ACCEPT,7,21,-3584,28421
13,OUTPUT_ACCEPT,7,22,-3430,26739
13,OUTPUT_ACCEPT,7,23,-3282,25301
13,OUTPUT_ACCEPT,7,24,-3140,24107
13,OUTPUT_ACCEPT,7,25,-3004,23157
13,OUTPUT_ACCEPT,7,26,-2874,22451
13,OUTPUT_ACCEPT,7,27,-2750,21989
13,OUTPUT_ACCEPT,7,28,-2632,21771
13,OUTPUT_ACCEPT,7,29,-2520,21797
13,OUTPUT_ACCEPT,7,30,-2414,22067
13,OUTPUT_ACCEPT,7,31,-2314,22581
13,OUTPUT_ACCEPT,7,32,-2220,23339
13,OUTPUT_ACCEPT,7,33,-2132,24341
13,OUTPUT_ACCEPT,7,34,-2050,25587
13,OUTPUT_ACCEPT,7,35,-1974,27077
13,OUTPUT_ACCEPT,7,36,-1904,28811
13,OUTPUT_ACCEPT,7,37,-1840,30789
13,OUTPUT_ACCEPT,7,38,-1782,33011
13,OUTPUT_ACCEPT,7,39,1342,27285
13,OUTPUT_ACCEPT,7,40,1388,27435
13,OUTPUT_ACCEPT,7,41,1428,27829
13,OUTPUT_ACCEPT,7,42,1462,28467
13,OUTPUT_ACCEPT,7,43,1490,29349
13,OUTPUT_ACCEPT,7,44,1512,30475
13,OUTPUT_ACCEPT,7,45,1528,31845
13,OUTPUT_ACCEPT,7,46,6146,22707
13,OUTPUT_ACCEPT,7,47,6406,22517
13,OUTPUT_ACCEPT,7,48,6660,22571
13,OUTPUT_ACCEPT,7,49,-260,37205
13,OUTPUT_ACCEPT,7,50,-18,33139
13,OUTPUT_ACCEPT,7,51,218,29317
13,OUTPUT_ACCEPT,7,52,448,25739
13,OUTPUT_ACCEPT,7,53,672,22405
13,OUTPUT_ACCEPT,7,54,890,19315
13,OUTPUT_ACCEPT,7,55,1102,16469
13,OUTPUT_ACCEPT,7,56,1308,13867
13,OUTPUT_ACCEPT,7,57,1508,11509
13,OUTPUT_ACCEPT,7,58,1702,9395
13,OUTPUT_ACCEPT,7,59,1890,7525
13,OUTPUT_ACCEPT,7,60,2072,5899
13,OUTPUT_ACCEPT,7,61,2248,4517
13,OUTPUT_ACCEPT,7,62,2418,3379
13,OUTPUT_ACCEPT,7,63,2582,2485
14,INPUT_ACCEPT,8,-1,0,0
15,OUTPUT_ACCEPT,8,0,358,0
15,OUTPUT_ACCEPT,8,1,-1742,0
15,OUTPUT_ACCEPT,8,2,-4458,0
15,OUTPUT_ACCEPT,8,3,-7790,0
15,OUTPUT_ACCEPT,8,4,-11738,0
15,OUTPUT_ACCEPT,8,5,-16302,0
15,OUTPUT_ACCEPT,8,6,-21482,0
15,OUTPUT_ACCEPT,8,7,-27278,0
15,OUTPUT_ACCEPT,8,8,-18586,0
15,OUTPUT_ACCEPT,8,9,-23822,0
15,OUTPUT_ACCEPT,8,10,16918,0
15,OUTPUT_ACCEPT,8,11,15058,0
15,OUTPUT_ACCEPT,8,12,44582,0
15,OUTPUT_ACCEPT,8,13,15122,0
15,OUTPUT_ACCEPT,8,14,-9066,0
15,OUTPUT_ACCEPT,8,15,-6990,0
15,OUTPUT_ACCEPT,8,16,-19354,0
15,OUTPUT_ACCEPT,8,17,-15694,0
15,OUTPUT_ACCEPT,8,18,-14954,0
15,OUTPUT_ACCEPT,8,19,-9710,0
15,OUTPUT_ACCEPT,8,20,-5082,0
15,OUTPUT_ACCEPT,8,21,-1070,0
15,OUTPUT_ACCEPT,8,22,2326,0
15,OUTPUT_ACCEPT,8,23,5106,0
15,OUTPUT_ACCEPT,8,24,7270,0
15,OUTPUT_ACCEPT,8,25,8818,0
15,OUTPUT_ACCEPT,8,26,9750,0
15,OUTPUT_ACCEPT,8,27,10066,0
15,OUTPUT_ACCEPT,8,28,9766,0
15,OUTPUT_ACCEPT,8,29,8850,0
15,OUTPUT_ACCEPT,8,30,7318,0
15,OUTPUT_ACCEPT,8,31,-4046,0
15,OUTPUT_ACCEPT,8,32,-5018,0
15,OUTPUT_ACCEPT,8,33,-7374,0
15,OUTPUT_ACCEPT,8,34,-7786,0
15,OUTPUT_ACCEPT,8,35,-1134,0
15,OUTPUT_ACCEPT,8,36,-986,0
15,OUTPUT_ACCEPT,8,37,14674,0
15,OUTPUT_ACCEPT,8,38,15382,0
15,OUTPUT_ACCEPT,8,39,15474,0
15,OUTPUT_ACCEPT,8,40,14950,0
15,OUTPUT_ACCEPT,8,41,13810,0
15,OUTPUT_ACCEPT,8,42,12054,0
15,OUTPUT_ACCEPT,8,43,9682,0
15,OUTPUT_ACCEPT,8,44,6694,0
15,OUTPUT_ACCEPT,8,45,3090,0
15,OUTPUT_ACCEPT,8,46,-1130,0
15,OUTPUT_ACCEPT,8,47,-9806,0
15,OUTPUT_ACCEPT,8,48,-12442,0
15,OUTPUT_ACCEPT,8,49,-8014,0
15,OUTPUT_ACCEPT,8,50,-9066,0
15,OUTPUT_ACCEPT,8,51,-10734,0
15,OUTPUT_ACCEPT,8,52,8998,0
15,OUTPUT_ACCEPT,8,53,8914,0
15,OUTPUT_ACCEPT,8,54,40214,0
15,OUTPUT_ACCEPT,8,55,11506,0
15,OUTPUT_ACCEPT,8,56,-10906,0
15,OUTPUT_ACCEPT,8,57,-7054,0
15,OUTPUT_ACCEPT,8,58,-20458,0
15,OUTPUT_ACCEPT,8,59,-16046,0
15,OUTPUT_ACCEPT,8,60,-12250,0
15,OUTPUT_ACCEPT,8,61,-15470,0
15,OUTPUT_ACCEPT,8,62,-11114,0
15,OUTPUT_ACCEPT,8,63,-7374,0
